Orthogroup,site,alpha,beta_neg,p_neg,beta_pos,p_pos,LRT,p_value,n_branches_under_selection,total_branch_length,MEME_logL,FEL_logL,LRT_MEME_vs_FEL,FEL_alpha,FEL_beta,q_value_BH
OG0000103,1,0.0,0.0,1.0,0.0,0.0,0.0,1.0,0,0,0.0,0.0,1.0,0.0,0.0,1.0
OG0000103,2,0.0,0.0,1.0,0.0,0.0,0.0,1.0,0,0,0.0,0.0,1.0,0.0,0.0,1.0
OG0000103,3,0.0,0.0,1.0,0.0,0.0,0.0,1.0,0,0,0.0,0.0,1.0,0.0,0.0,1.0
OG0000103,4,0.0,0.0,1.0,0.0,0.0,0.0,1.0,0,0,0.0,0.0,1.0,0.0,0.0,1.0
OG0000103,5,0.0,0.0,1.0,0.0,0.0,0.0,1.0,0,0,0.0,0.0,1.0,0.0,0.0,1.0
OG0000103,6,0.0,0.0,1.0,0.0,0.0,0.0,1.0,0,0,0.0,0.0,1.0,0.0,0.0,1.0
OG0000103,7,0.0,0.0,1.0,0.0,0.0,0.0,1.0,0,0,0.0,0.0,1.0,0.0,0.0,1.0
OG0000103,8,0.0,0.0,1.0,0.0,0.0,0.0,1.0,0,0,0.0,0.0,1.0,0.0,0.0,1.0
OG0000103,9,0.01896874566513751,0.009573288827874088,0.5046875,20.90435691526419,0.4953125,0.1181824437453471,0.5649318777358241,1,0,-8.989474745681498,-9.017443253211468,0.9724189901935134,0.018570480354377,9.13528546813094,1.0
OG0000103,10,0.0,0.0,1.0,0.0,0.0,0.0,1.0,0,0,0.0,0.0,1.0,0.0,0.0,1.0
OG0000103,11,0.0,0.0,1.0,0.0,0.0,0.0,1.0,0,0,0.0,0.0,1.0,0.0,0.0,1.0
OG0000103,12,0.0,0.0,1.0,0.0,0.0,0.0,1.0,0,0,0.0,0.0,1.0,0.0,0.0,1.0
OG0000103,13,0.0,0.0,1.0,0.0,0.0,0.0,1.0,0,0,0.0,0.0,1.0,0.0,0.0,1.0
OG0000103,14,0.0,0.0,1.0,0.0,0.0,0.0,1.0,0,0,0.0,0.0,1.0,0.0,0.0,1.0
OG0000103,15,0.0,0.0,1.0,0.0,0.0,0.0,1.0,0,0,0.0,0.0,1.0,0.0,0.0,1.0
OG0000103,16,0.0,0.0,1.0,0.0,0.0,0.0,1.0,0,0,0.0,0.0,1.0,0.0,0.0,1.0
OG0000103,17,0.0,0.0,1.0,0.0,0.0,0.0,1.0,0,0,0.0,0.0,1.0,0.0,0.0,1.0
OG0000103,18,0.0,0.0,1.0,0.0,0.0,0.0,1.0,0,0,0.0,0.0,1.0,0.0,0.0,1.0
OG0000103,19,0.0,0.0,1.0,0.0,0.0,0.0,1.0,0,0,0.0,0.0,1.0,0.0,0.0,1.0
OG0000103,20,33.19209891086216,0.004613019500948873,1.0,2.499684637189671,0.0,0.0,0.6666666666666666,0,0,-10.02436331863056,-10.02429252827384,1.0,32.95879325197313,0.004438652834923217,1.0
OG0000103,21,0.0,0.0,1.0,0.0,0.0,0.0,1.0,0,0,0.0,0.0,1.0,0.0,0.0,1.0
OG0000103,22,0.0,0.0,1.0,0.0,0.0,0.0,1.0,0,0,0.0,0.0,1.0,0.0,0.0,1.0
OG0000103,23,0.0,0.0,1.0,0.0,0.0,0.0,1.0,0,0,0.0,0.0,1.0,0.0,0.0,1.0
OG0000103,24,0.0,0.0,1.0,0.0,0.0,0.0,1.0,0,0,0.0,0.0,1.0,0.0,0.0,1.0
OG0000103,25,0.0,0.0,1.0,0.0,0.0,0.0,1.0,0,0,0.0,0.0,1.0,0.0,0.0,1.0
OG0000103,26,0.0,0.0,1.0,0.0,0.0,0.0,1.0,0,0,0.0,0.0,1.0,0.0,0.0,1.0
OG0000103,27,0.0,0.0,1.0,0.0,0.0,0.0,1.0,0,0,0.0,0.0,1.0,0.0,0.0,1.0
OG0000103,28,0.0,0.0,1.0,0.0,0.0,0.0,1.0,0,0,0.0,0.0,1.0,0.0,0.0,1.0
OG0000103,29,0.0227731356644051,0.0,0.01,14.49493804867224,0.99,0.5611251537097015,0.413107024155628,1,0,-7.599963299809013,-7.599942594309298,1.0,0.0227731356644051,14.49493804867224,1.0
OG0000103,30,0.0,0.0,1.0,0.0,0.0,0.0,1.0,0,0,0.0,0.0,1.0,0.0,0.0,1.0
OG0000103,31,0.0,0.0,1.0,0.0,0.0,0.0,1.0,0,0,0.0,0.0,1.0,0.0,0.0,1.0
OG0000103,32,0.0,0.0,1.0,0.0,0.0,0.0,1.0,0,0,0.0,0.0,1.0,0.0,0.0,1.0
OG0000103,33,0.0,0.0,1.0,0.0,0.0,0.0,1.0,0,0,0.0,0.0,1.0,0.0,0.0,1.0
OG0000103,34,0.0,0.0,1.0,0.0,0.0,0.0,1.0,0,0,0.0,0.0,1.0,0.0,0.0,1.0
OG0000103,35,0.0,0.0,1.0,0.0,0.0,0.0,1.0,0,0,0.0,0.0,1.0,0.0,0.0,1.0
OG0000103,36,0.0,0.0,1.0,0.0,0.0,0.0,1.0,0,0,0.0,0.0,1.0,0.0,0.0,1.0
OG0000103,37,0.0,0.0,1.0,0.0,0.0,0.0,1.0,0,0,0.0,0.0,1.0,0.0,0.0,1.0
OG0000103,38,0.0,0.0,1.0,0.0,0.0,0.0,1.0,0,0,0.0,0.0,1.0,0.0,0.0,1.0
OG0000103,39,0.0,0.0,1.0,0.0,0.0,0.0,1.0,0,0,0.0,0.0,1.0,0.0,0.0,1.0
OG0000103,40,0.0,0.0,1.0,0.0,0.0,0.0,1.0,0,0,0.0,0.0,1.0,0.0,0.0,1.0
OG0000103,41,0.0,0.0,1.0,0.0,0.0,0.0,1.0,0,0,0.0,0.0,1.0,0.0,0.0,1.0
OG0000103,42,0.0,0.0,1.0,0.0,0.0,0.0,1.0,0,0,0.0,0.0,1.0,0.0,0.0,1.0
OG0000103,43,0.0,0.0,1.0,0.0,0.0,0.0,1.0,0,0,0.0,0.0,1.0,0.0,0.0,1.0
OG0000103,44,0.0,0.0,1.0,0.0,0.0,0.0,1.0,0,0,0.0,0.0,1.0,0.0,0.0,1.0
OG0000103,45,0.0,0.0,1.0,0.0,0.0,0.0,1.0,0,0,0.0,0.0,1.0,0.0,0.0,1.0
OG0000103,46,0.0,0.0,1.0,0.0,0.0,0.0,1.0,0,0,0.0,0.0,1.0,0.0,0.0,1.0
OG0000103,47,0.0,0.0,1.0,0.0,0.0,0.0,1.0,0,0,0.0,0.0,1.0,0.0,0.0,1.0
OG0000103,48,0.0,0.0,1.0,0.0,0.0,0.0,1.0,0,0,0.0,0.0,1.0,0.0,0.0,1.0
OG0000103,49,943.9443966075813,0.002362937372898123,0.7826655946016979,0.01312154866886462,0.2173344053983021,0.0,0.6666666666666666,0,0,-7.102197140822687,-7.101760463281849,1.0,991.3119286040211,0.00265183065623221,1.0
OG0000103,50,0.0,0.0,1.0,0.0,0.0,0.0,1.0,0,0,0.0,0.0,1.0,0.0,0.0,1.0
OG0000103,51,0.0,0.0,1.0,0.0,0.0,0.0,1.0,0,0,0.0,0.0,1.0,0.0,0.0,1.0
OG0000103,52,0.0,0.0,1.0,0.0,0.0,0.0,1.0,0,0,0.0,0.0,1.0,0.0,0.0,1.0
OG0000103,53,0.0,0.0,1.0,0.0,0.0,0.0,1.0,0,0,0.0,0.0,1.0,0.0,0.0,1.0
OG0000103,54,0.0,0.0,1.0,0.0,0.0,0.0,1.0,0,0,0.0,0.0,1.0,0.0,0.0,1.0
OG0000103,55,0.0,0.0,1.0,0.0,0.0,0.0,1.0,0,0,0.0,0.0,1.0,0.0,0.0,1.0
OG0000103,56,0.0,0.0,1.0,0.0,0.0,0.0,1.0,0,0,0.0,0.0,1.0,0.0,0.0,1.0
OG0000103,57,0.0,0.0,1.0,0.0,0.0,0.0,1.0,0,0,0.0,0.0,1.0,0.0,0.0,1.0
OG0000103,58,0.0,0.0,1.0,0.0,0.0,0.0,1.0,0,0,0.0,0.0,1.0,0.0,0.0,1.0
OG0000103,59,0.0,0.0,1.0,0.0,0.0,0.0,1.0,0,0,0.0,0.0,1.0,0.0,0.0,1.0
OG0000103,60,0.0,0.0,1.0,0.0,0.0,0.0,1.0,0,0,0.0,0.0,1.0,0.0,0.0,1.0
OG0000103,61,0.0,0.0,1.0,0.0,0.0,0.0,1.0,0,0,0.0,0.0,1.0,0.0,0.0,1.0
OG0000103,62,0.0,0.0,1.0,0.0,0.0,0.0,1.0,0,0,0.0,0.0,1.0,0.0,0.0,1.0
OG0000103,63,0.0,0.0,1.0,0.0,0.0,0.0,1.0,0,0,0.0,0.0,1.0,0.0,0.0,1.0
OG0000103,64,0.0,0.0,1.0,0.0,0.0,0.0,1.0,0,0,0.0,0.0,1.0,0.0,0.0,1.0
OG0000103,65,631.7605296265106,0.002243503815034963,0.7350124669689078,0.0006374627833224865,0.2649875330310922,0.0,0.6666666666666666,0,0,-5.691448157566835,-5.691485654861134,0.9999625034087138,631.1374427321401,0.002265382326138273,1.0
OG0000103,66,0.0,0.0,1.0,0.0,0.0,0.0,1.0,0,0,0.0,0.0,1.0,0.0,0.0,1.0
OG0000103,67,27.75933303970923,0.008635407192862236,1.0,0.4384496963031973,0.0,0.0,0.6666666666666666,0,0,-8.309289951678407,-8.309271528827628,1.0,27.51349191946765,0.006912841790571089,1.0
OG0000103,68,0.0,0.0,1.0,0.0,0.0,0.0,1.0,0,0,0.0,0.0,1.0,0.0,0.0,1.0
OG0000103,69,0.0,0.0,1.0,0.0,0.0,0.0,1.0,0,0,0.0,0.0,1.0,0.0,0.0,1.0
OG0000103,70,0.0,0.0,1.0,0.0,0.0,0.0,1.0,0,0,0.0,0.0,1.0,0.0,0.0,1.0
OG0000103,71,0.04866180470974958,0.02455900456445174,0.5046875,41.37299063868908,0.4953125,1.089658014517504,0.3016091098073959,1,0,-9.281932220836529,-9.298555843827366,0.9835137869582873,0.04756695211676654,17.31905692531577,1.0
OG0000103,72,0.0,0.0,1.0,0.0,0.0,0.0,1.0,0,0,0.0,0.0,1.0,0.0,0.0,1.0
OG0000103,73,0.0,0.0,1.0,0.0,0.0,0.0,1.0,0,0,0.0,0.0,1.0,0.0,0.0,1.0
OG0000103,74,0.0,0.0,1.0,0.0,0.0,0.0,1.0,0,0,0.0,0.0,1.0,0.0,0.0,1.0
OG0000103,75,0.0,0.0,1.0,0.0,0.0,0.0,1.0,0,0,0.0,0.0,1.0,0.0,0.0,1.0
OG0000103,76,28.91716190150036,0.004817537585761119,1.0,2.389165424049048,0.0,0.0,0.6666666666666666,0,0,-9.65983041140761,-9.659786223191274,1.0,28.72538464612117,0.004637293669542937,1.0
OG0000103,77,0.0,0.0,1.0,0.0,0.0,0.0,1.0,0,0,0.0,0.0,1.0,0.0,0.0,1.0
OG0000103,78,0.0,0.0,1.0,0.0,0.0,0.0,1.0,0,0,0.0,0.0,1.0,0.0,0.0,1.0
OG0000103,79,0.0,0.0,1.0,0.0,0.0,0.0,1.0,0,0,0.0,0.0,1.0,0.0,0.0,1.0
OG0000103,80,0.0,0.0,1.0,0.0,0.0,0.0,1.0,0,0,0.0,0.0,1.0,0.0,0.0,1.0
OG0000103,81,0.0,0.0,1.0,0.0,0.0,0.0,1.0,0,0,0.0,0.0,1.0,0.0,0.0,1.0
OG0000103,82,0.0,0.0,1.0,0.0,0.0,0.0,1.0,0,0,0.0,0.0,1.0,0.0,0.0,1.0
OG0000103,83,0.0,0.0,1.0,0.0,0.0,0.0,1.0,0,0,0.0,0.0,1.0,0.0,0.0,1.0
OG0000103,84,0.0,0.0,1.0,0.0,0.0,0.0,1.0,0,0,0.0,0.0,1.0,0.0,0.0,1.0
OG0000103,85,0.0,0.0,1.0,0.0,0.0,0.0,1.0,0,0,0.0,0.0,1.0,0.0,0.0,1.0
OG0000103,86,0.0,0.0,1.0,0.0,0.0,0.0,1.0,0,0,0.0,0.0,1.0,0.0,0.0,1.0
OG0000103,87,0.0,0.0,1.0,0.0,0.0,0.0,1.0,0,0,0.0,0.0,1.0,0.0,0.0,1.0
OG0000103,88,0.0,0.0,1.0,0.0,0.0,0.0,1.0,0,0,0.0,0.0,1.0,0.0,0.0,1.0
OG0000103,89,0.0,0.0,1.0,0.0,0.0,0.0,1.0,0,0,0.0,0.0,1.0,0.0,0.0,1.0
OG0000103,90,0.0,0.0,1.0,0.0,0.0,0.0,1.0,0,0,0.0,0.0,1.0,0.0,0.0,1.0
OG0000103,91,0.0,0.0,1.0,0.0,0.0,0.0,1.0,0,0,0.0,0.0,1.0,0.0,0.0,1.0
OG0000103,92,0.0,0.0,1.0,0.0,0.0,0.0,1.0,0,0,0.0,0.0,1.0,0.0,0.0,1.0
OG0000103,93,0.0,0.0,1.0,0.0,0.0,0.0,1.0,0,0,0.0,0.0,1.0,0.0,0.0,1.0
OG0000103,94,0.0,0.0,1.0,0.0,0.0,0.0,1.0,0,0,0.0,0.0,1.0,0.0,0.0,1.0
OG0000103,95,0.0,0.0,1.0,0.0,0.0,0.0,1.0,0,0,0.0,0.0,1.0,0.0,0.0,1.0
OG0000103,96,0.0,0.0,1.0,0.0,0.0,0.0,1.0,0,0,0.0,0.0,1.0,0.0,0.0,1.0
OG0000103,97,0.0,0.0,1.0,0.0,0.0,0.0,1.0,0,0,0.0,0.0,1.0,0.0,0.0,1.0
OG0000103,98,0.03110646690052855,0.01386011041658477,0.6511929378918414,80.28966156477102,0.3488070621081586,0.8327443334707176,0.3502368143601728,1,0,-7.562698063257112,-7.613775576367253,0.9502050143292824,0.04887154686343617,19.83166068420651,1.0
OG0000103,99,0.0,0.0,1.0,0.0,0.0,0.0,1.0,0,0,0.0,0.0,1.0,0.0,0.0,1.0
OG0000103,100,0.0,0.0,1.0,0.0,0.0,0.0,1.0,0,0,0.0,0.0,1.0,0.0,0.0,1.0
OG0000103,101,0.0,0.0,1.0,0.0,0.0,0.0,1.0,0,0,0.0,0.0,1.0,0.0,0.0,1.0
OG0000103,102,0.0,0.0,1.0,0.0,0.0,0.0,1.0,0,0,0.0,0.0,1.0,0.0,0.0,1.0
OG0000103,103,0.0,0.0,1.0,0.0,0.0,0.0,1.0,0,0,0.0,0.0,1.0,0.0,0.0,1.0
OG0000103,104,0.0,0.0,1.0,0.0,0.0,0.0,1.0,0,0,0.0,0.0,1.0,0.0,0.0,1.0
OG0000103,105,0.0,0.0,1.0,0.0,0.0,0.0,1.0,0,0,0.0,0.0,1.0,0.0,0.0,1.0
OG0000103,106,0.001519759262350735,0.0007396593507298204,0.8470040834552187,506.9743986710867,0.1529959165447813,2.141197748243769,0.1687114621439821,1,0,-10.75873217275417,-11.34487461350814,0.5564697647690746,0.00181762456426152,19.86250274446829,1.0
OG0000103,107,0.0,0.0,1.0,0.0,0.0,0.0,1.0,0,0,0.0,0.0,1.0,0.0,0.0,1.0
OG0000103,108,0.0,0.0,1.0,0.0,0.0,0.0,1.0,0,0,0.0,0.0,1.0,0.0,0.0,1.0
OG0000103,109,0.0,0.0,1.0,0.0,0.0,0.0,1.0,0,0,0.0,0.0,1.0,0.0,0.0,1.0
OG0000103,110,0.0,0.0,1.0,0.0,0.0,0.0,1.0,0,0,0.0,0.0,1.0,0.0,0.0,1.0
OG0000103,111,0.0,0.0,1.0,0.0,0.0,0.0,1.0,0,0,0.0,0.0,1.0,0.0,0.0,1.0
OG0000103,112,0.0,0.0,1.0,0.0,0.0,0.0,1.0,0,0,0.0,0.0,1.0,0.0,0.0,1.0
OG0000103,113,0.0,0.0,1.0,0.0,0.0,0.0,1.0,0,0,0.0,0.0,1.0,0.0,0.0,1.0
OG0000103,114,0.0,0.0,1.0,0.0,0.0,0.0,1.0,0,0,0.0,0.0,1.0,0.0,0.0,1.0
OG0000103,115,0.0,0.0,1.0,0.0,0.0,0.0,1.0,0,0,0.0,0.0,1.0,0.0,0.0,1.0
OG0000103,116,0.0,0.0,1.0,0.0,0.0,0.0,1.0,0,0,0.0,0.0,1.0,0.0,0.0,1.0
OG0000103,117,0.0,0.0,1.0,0.0,0.0,0.0,1.0,0,0,0.0,0.0,1.0,0.0,0.0,1.0
OG0000103,118,0.0,0.0,1.0,0.0,0.0,0.0,1.0,0,0,0.0,0.0,1.0,0.0,0.0,1.0
OG0000103,119,0.0,0.0,1.0,0.0,0.0,0.0,1.0,0,0,0.0,0.0,1.0,0.0,0.0,1.0
OG0000103,120,0.0,0.0,1.0,0.0,0.0,0.0,1.0,0,0,0.0,0.0,1.0,0.0,0.0,1.0
OG0000103,121,0.0,0.0,1.0,0.0,0.0,0.0,1.0,0,0,0.0,0.0,1.0,0.0,0.0,1.0
OG0000103,122,10000.0,21.79487821539196,0.7770453748223685,17.61307199710929,0.2229546251776315,0.0,0.6666666666666666,0,0,-11.00553872017468,-11.0037916132379,1.0,10000.0,20.34857555416202,1.0
OG0000103,123,0.05172745595734462,0.01734359002118047,0.7608355869750577,81.84716020040447,0.2391644130249423,1.637484522749684,0.2218961340618347,1,0,-10.84991511191545,-11.48663617654675,0.5290242194684851,0.06677787800851576,22.3810025491205,1.0
OG0000103,124,0.04512526297068749,1.128131574267187e-05,0.01,16.72887475216475,0.99,0.1527845771536906,0.5484658409135752,1,0,-5.867962453392235,-5.864459028604476,1.0,0.04512526297068749,16.72887475216475,1.0
OG0000103,125,50.103365165913,14.9545220608675,0.8552571372547129,13.6875926688185,0.1447428627452871,0.0,0.6666666666666666,0,0,-10.60952466958186,-10.60943419673148,1.0,48.26795824506664,14.78944136916877,1.0
OG0000103,126,0.0,0.0,1.0,0.0,0.0,0.0,1.0,0,0,0.0,0.0,1.0,0.0,0.0,1.0
OG0000103,127,0.0,0.0,1.0,0.0,0.0,0.0,1.0,0,0,0.0,0.0,1.0,0.0,0.0,1.0
OG0000103,128,0.0,0.0,1.0,0.0,0.0,0.0,1.0,0,0,0.0,0.0,1.0,0.0,0.0,1.0
OG0000103,129,0.0,0.0,1.0,0.0,0.0,0.0,1.0,0,0,0.0,0.0,1.0,0.0,0.0,1.0
OG0000103,130,0.0,0.0,1.0,0.0,0.0,0.0,1.0,0,0,0.0,0.0,1.0,0.0,0.0,1.0
OG0000103,131,0.0,0.0,1.0,0.0,0.0,0.0,1.0,0,0,0.0,0.0,1.0,0.0,0.0,1.0
OG0000103,132,0.0,0.0,1.0,0.0,0.0,0.0,1.0,0,0,0.0,0.0,1.0,0.0,0.0,1.0
OG0000103,133,0.0,0.0,1.0,0.0,0.0,0.0,1.0,0,0,0.0,0.0,1.0,0.0,0.0,1.0
OG0000103,134,0.0,0.0,1.0,0.0,0.0,0.0,1.0,0,0,0.0,0.0,1.0,0.0,0.0,1.0
OG0000103,135,0.0,0.0,1.0,0.0,0.0,0.0,1.0,0,0,0.0,0.0,1.0,0.0,0.0,1.0
OG0000103,136,0.0,0.0,1.0,0.0,0.0,0.0,1.0,0,0,0.0,0.0,1.0,0.0,0.0,1.0
OG0000103,137,0.0,0.0,1.0,0.0,0.0,0.0,1.0,0,0,0.0,0.0,1.0,0.0,0.0,1.0
OG0000103,138,0.0,0.0,1.0,0.0,0.0,0.0,1.0,0,0,0.0,0.0,1.0,0.0,0.0,1.0
OG0000103,139,0.0,0.0,1.0,0.0,0.0,0.0,1.0,0,0,0.0,0.0,1.0,0.0,0.0,1.0
OG0000103,140,0.0,0.0,1.0,0.0,0.0,0.0,1.0,0,0,0.0,0.0,1.0,0.0,0.0,1.0
OG0000103,141,0.06521774479931344,1.630443619982836e-05,0.01,22.74874796122565,0.99,0.5574863026645698,0.4140516708040528,1,0,-7.430252913721974,-7.429759062753739,1.0,0.06521774479931344,22.74874796122565,1.0
OG0000103,142,0.0,0.0,1.0,0.0,0.0,0.0,1.0,0,0,0.0,0.0,1.0,0.0,0.0,1.0
OG0000103,143,0.0,0.0,1.0,0.0,0.0,0.0,1.0,0,0,0.0,0.0,1.0,0.0,0.0,1.0
OG0000103,144,0.0,0.0,1.0,0.0,0.0,0.0,1.0,0,0,0.0,0.0,1.0,0.0,0.0,1.0
OG0000103,145,0.0,0.0,1.0,0.0,0.0,0.0,1.0,0,0,0.0,0.0,1.0,0.0,0.0,1.0
OG0000103,146,0.0,0.0,1.0,0.0,0.0,0.0,1.0,0,0,0.0,0.0,1.0,0.0,0.0,1.0
OG0000103,147,29.20168993236351,0.004552120941648911,1.0,1.622314833742974,0.0,0.0,0.6666666666666666,0,0,-8.621970139499334,-8.621930479208878,1.0,28.72538464612117,0.004637293669542937,1.0
OG0000103,148,0.0,0.0,1.0,0.0,0.0,0.0,1.0,0,0,0.0,0.0,1.0,0.0,0.0,1.0
OG0000103,149,0.0,0.0,1.0,0.0,0.0,0.0,1.0,0,0,0.0,0.0,1.0,0.0,0.0,1.0
OG0000103,150,0.0,0.0,1.0,0.0,0.0,0.0,1.0,0,0,0.0,0.0,1.0,0.0,0.0,1.0
OG0000103,151,0.0,0.0,1.0,0.0,0.0,0.0,1.0,0,0,0.0,0.0,1.0,0.0,0.0,1.0
OG0000103,152,0.0,0.0,1.0,0.0,0.0,0.0,1.0,0,0,0.0,0.0,1.0,0.0,0.0,1.0
OG0000103,153,0.0,0.0,1.0,0.0,0.0,0.0,1.0,0,0,0.0,0.0,1.0,0.0,0.0,1.0
OG0000103,154,0.0,0.0,1.0,0.0,0.0,0.0,1.0,0,0,0.0,0.0,1.0,0.0,0.0,1.0
OG0000103,155,0.0,0.0,1.0,0.0,0.0,0.0,1.0,0,0,0.0,0.0,1.0,0.0,0.0,1.0
OG0000103,156,0.0,0.0,1.0,0.0,0.0,0.0,1.0,0,0,0.0,0.0,1.0,0.0,0.0,1.0
OG0000103,157,0.0,0.0,1.0,0.0,0.0,0.0,1.0,0,0,0.0,0.0,1.0,0.0,0.0,1.0
OG0000103,158,0.0,0.0,1.0,0.0,0.0,0.0,1.0,0,0,0.0,0.0,1.0,0.0,0.0,1.0
OG0000103,159,0.0,0.0,1.0,0.0,0.0,0.0,1.0,0,0,0.0,0.0,1.0,0.0,0.0,1.0
OG0000103,160,0.0,0.0,1.0,0.0,0.0,0.0,1.0,0,0,0.0,0.0,1.0,0.0,0.0,1.0
OG0000103,161,0.0,0.0,1.0,0.0,0.0,0.0,1.0,0,0,0.0,0.0,1.0,0.0,0.0,1.0
OG0000103,162,47.73182765479066,0.002782726252481882,1.0,1.781407991388483,0.0,0.0,0.6666666666666666,0,0,-9.482814888475492,-9.482717597174055,1.0,49.15637341131502,0.002619136484567867,1.0
OG0000103,163,0.0,0.0,1.0,0.0,0.0,0.0,1.0,0,0,0.0,0.0,1.0,0.0,0.0,1.0
OG0000103,164,0.0,0.0,1.0,0.0,0.0,0.0,1.0,0,0,0.0,0.0,1.0,0.0,0.0,1.0
OG0000103,165,0.08083948123307512,2.020987030826878e-05,0.01,28.55546076072336,0.99,0.2849973815226665,0.4960024783567916,1,0,-6.352880397131213,-6.351285454649963,1.0,0.08083948123307516,28.55546076072336,1.0
OG0000103,166,1.331710362990391,0.7632512786466097,0.7067921657624965,3301.475544811448,0.2932078342375035,2.495387158229487,0.1395484204281325,2,0,-12.44571855242946,-14.36636542412269,0.1465121568588731,2.974242870385167,139.7263487143206,1.0
OG0000103,167,0.0,0.0,1.0,0.0,0.0,0.0,1.0,0,0,0.0,0.0,1.0,0.0,0.0,1.0
OG0000103,168,0.0,0.0,1.0,0.0,0.0,0.0,1.0,0,0,0.0,0.0,1.0,0.0,0.0,1.0
OG0000103,169,0.0,0.0,1.0,0.0,0.0,0.0,1.0,0,0,0.0,0.0,1.0,0.0,0.0,1.0
OG0000103,170,0.0,0.0,1.0,0.0,0.0,0.0,1.0,0,0,0.0,0.0,1.0,0.0,0.0,1.0
OG0000103,171,0.0,0.0,1.0,0.0,0.0,0.0,1.0,0,0,0.0,0.0,1.0,0.0,0.0,1.0
OG0000103,172,0.0,0.0,1.0,0.0,0.0,0.0,1.0,0,0,0.0,0.0,1.0,0.0,0.0,1.0
OG0000103,173,0.0,0.0,1.0,0.0,0.0,0.0,1.0,0,0,0.0,0.0,1.0,0.0,0.0,1.0
OG0000103,174,0.0,0.0,1.0,0.0,0.0,0.0,1.0,0,0,0.0,0.0,1.0,0.0,0.0,1.0
OG0000103,175,0.0,0.0,1.0,0.0,0.0,0.0,1.0,0,0,0.0,0.0,1.0,0.0,0.0,1.0
OG0000103,176,0.0,0.0,1.0,0.0,0.0,0.0,1.0,0,0,0.0,0.0,1.0,0.0,0.0,1.0
OG0000103,177,0.0,0.0,1.0,0.0,0.0,0.0,1.0,0,0,0.0,0.0,1.0,0.0,0.0,1.0
OG0000103,178,0.0,0.0,1.0,0.0,0.0,0.0,1.0,0,0,0.0,0.0,1.0,0.0,0.0,1.0
OG0000103,179,454.9918264711483,45.633589063583,0.7666976818068004,43.81207734534598,0.2333023181931996,0.0,0.6666666666666666,0,0,-9.607886757337134,-9.603696685538175,1.0,419.8414987751256,41.69948531440263,1.0
OG0000110,1,0.0,0.0,1.0,0.0,0.0,0.0,1.0,0,0,0.0,0.0,1.0,0.0,0.0,1.0
OG0000110,2,0.0,0.0,1.0,0.0,0.0,0.0,1.0,0,0,0.0,0.0,1.0,0.0,0.0,1.0
OG0000110,3,0.0,0.0,1.0,0.0,0.0,0.0,1.0,0,0,0.0,0.0,1.0,0.0,0.0,1.0
OG0000110,4,0.0,0.0,1.0,0.0,0.0,0.0,1.0,0,0,0.0,0.0,1.0,0.0,0.0,1.0
OG0000110,5,0.08251579601933297,2.062894900483324e-05,0.01,13.83370870267511,0.99,0.5363181626647062,0.4196103582637792,0,0,-7.294304729858633,-7.292857819904281,1.0,0.08251579601933297,13.83370870267511,1.0
OG0000110,6,0.01939573428980684,4.84893357245171e-06,0.01,6.120512402508247,0.99,0.2557925879684042,0.5065540297076565,0,0,-10.36110421457611,-10.36073206290179,1.0,0.01939573428980684,6.120512402508247,1.0
OG0000110,7,0.06740795514379755,1.685198878594939e-05,0.01,11.00078784994157,0.99,0.8221024158642756,0.3524526157171938,0,0,-8.632381325087728,-8.630768810937186,1.0,0.06740795514379755,11.00078784994157,1.0
OG0000110,8,0.0,0.0,1.0,0.0,0.0,0.0,1.0,0,0,0.0,0.0,1.0,0.0,0.0,1.0
OG0000110,9,0.0,0.0,1.0,0.0,0.0,0.0,1.0,0,0,0.0,0.0,1.0,0.0,0.0,1.0
OG0000110,10,0.005313798147476454,0.002570025089153292,0.9392655694536517,615.9548455274925,0.06073443054634831,1.690771163739932,0.2154934487704104,1,0,-9.278658737047525,-9.937971762129285,0.5172065203577915,0.04362576874596438,8.245876319996109,1.0
OG0000110,11,0.0,0.0,1.0,0.0,0.0,0.0,1.0,0,0,0.0,0.0,1.0,0.0,0.0,1.0
OG0000110,12,0.0,0.0,1.0,0.0,0.0,0.0,1.0,0,0,0.0,0.0,1.0,0.0,0.0,1.0
OG0000110,13,0.0,0.0,1.0,0.0,0.0,0.0,1.0,0,0,0.0,0.0,1.0,0.0,0.0,1.0
OG0000110,14,0.0,0.0,1.0,0.0,0.0,0.0,1.0,0,0,0.0,0.0,1.0,0.0,0.0,1.0
OG0000110,15,0.0,0.0,1.0,0.0,0.0,0.0,1.0,0,0,0.0,0.0,1.0,0.0,0.0,1.0
OG0000110,16,0.0,0.0,1.0,0.0,0.0,0.0,1.0,0,0,0.0,0.0,1.0,0.0,0.0,1.0
OG0000110,17,0.0,0.0,1.0,0.0,0.0,0.0,1.0,0,0,0.0,0.0,1.0,0.0,0.0,1.0
OG0000110,18,0.0,0.0,1.0,0.0,0.0,0.0,1.0,0,0,0.0,0.0,1.0,0.0,0.0,1.0
OG0000110,19,0.0,0.0,1.0,0.0,0.0,0.0,1.0,0,0,0.0,0.0,1.0,0.0,0.0,1.0
OG0000110,20,0.0,0.0,1.0,0.0,0.0,0.0,1.0,0,0,0.0,0.0,1.0,0.0,0.0,1.0
OG0000110,21,0.0,0.0,1.0,0.0,0.0,0.0,1.0,0,0,0.0,0.0,1.0,0.0,0.0,1.0
OG0000110,22,0.04134448312562512,1.033612078140628e-05,0.01,8.029326266363514,0.99,0.3280049587943061,0.4812554990612709,0,0,-8.670349505862854,-8.67001153472959,1.0,0.04134448312562512,8.029326266363514,1.0
OG0000110,23,29.14296235011754,0.006571337991668783,1.0,0.07387489600848794,0.0,0.0,0.6666666666666666,0,0,-8.228173427896309,-8.228070618985937,1.0,28.54072603719458,0.004948284122623956,1.0
OG0000110,24,0.03082831761058767,7.707079402646919e-06,0.01,7.428942729831538,0.99,0.3542793440362182,0.472653209624925,1,0,-8.144563368337778,-8.143455789698821,1.0,0.03082831761058766,7.428942729831538,1.0
OG0000110,25,41.9846488985292,0.001847687749943162,1.0,0.3857761087139878,0.0,0.0,0.6666666666666666,0,0,-8.71031892886087,-8.710271955350269,1.0,41.86178762291176,0.001513563675315096,1.0
OG0000110,26,0.0,0.0,1.0,0.0,0.0,0.0,1.0,0,0,0.0,0.0,1.0,0.0,0.0,1.0
OG0000110,27,0.0,0.0,1.0,0.0,0.0,0.0,1.0,0,0,0.0,0.0,1.0,0.0,0.0,1.0
OG0000110,28,0.0,0.0,1.0,0.0,0.0,0.0,1.0,0,0,0.0,0.0,1.0,0.0,0.0,1.0
OG0000110,29,0.0,0.0,1.0,0.0,0.0,0.0,1.0,0,0,0.0,0.0,1.0,0.0,0.0,1.0
OG0000110,30,0.0,0.0,1.0,0.0,0.0,0.0,1.0,0,0,0.0,0.0,1.0,0.0,0.0,1.0
OG0000110,31,0.0,0.0,1.0,0.0,0.0,0.0,1.0,0,0,0.0,0.0,1.0,0.0,0.0,1.0
OG0000110,32,0.0,0.0,1.0,0.0,0.0,0.0,1.0,0,0,0.0,0.0,1.0,0.0,0.0,1.0
OG0000110,33,0.0,0.0,1.0,0.0,0.0,0.0,1.0,0,0,0.0,0.0,1.0,0.0,0.0,1.0
OG0000110,34,0.0,0.0,1.0,0.0,0.0,0.0,1.0,0,0,0.0,0.0,1.0,0.0,0.0,1.0
OG0000110,35,0.0,0.0,1.0,0.0,0.0,0.0,1.0,0,0,0.0,0.0,1.0,0.0,0.0,1.0
OG0000110,36,0.0,0.0,1.0,0.0,0.0,0.0,1.0,0,0,0.0,0.0,1.0,0.0,0.0,1.0
OG0000110,37,0.0,0.0,1.0,0.0,0.0,0.0,1.0,0,0,0.0,0.0,1.0,0.0,0.0,1.0
OG0000110,38,0.02960381285621904,0.01369982653142076,0.9455196147118405,2831.053702810508,0.05448038528815946,2.430306398906726,0.1444798964789583,1,0,-8.843738337701202,-9.943306297128656,0.3330149285481742,0.06922756578102097,11.84425516960379,1.0
OG0000110,39,0.0,0.0,1.0,0.0,0.0,0.0,1.0,0,0,0.0,0.0,1.0,0.0,0.0,1.0
OG0000110,40,0.0,0.0,1.0,0.0,0.0,0.0,1.0,0,0,0.0,0.0,1.0,0.0,0.0,1.0
OG0000110,41,0.0,0.0,1.0,0.0,0.0,0.0,1.0,0,0,0.0,0.0,1.0,0.0,0.0,1.0
OG0000110,42,0.0,0.0,1.0,0.0,0.0,0.0,1.0,0,0,0.0,0.0,1.0,0.0,0.0,1.0
OG0000110,43,0.01080257411092572,0.00541301773665647,0.9405638446344791,1059.706497325774,0.05943615536552094,2.056423874976613,0.1766064763579867,1,0,-9.891334271370285,-10.65550106764259,0.4657218104813513,0.06747722508193071,11.41619707662145,1.0
OG0000110,44,0.0,0.0,1.0,0.0,0.0,0.0,1.0,0,0,0.0,0.0,1.0,0.0,0.0,1.0
OG0000110,45,0.0,0.0,1.0,0.0,0.0,0.0,1.0,0,0,0.0,0.0,1.0,0.0,0.0,1.0
OG0000110,46,0.05603737379009853,0.0258115941148029,0.9360526989405595,1060.112387326639,0.06394730105944046,2.012409275073594,0.1808599957841834,1,0,-9.693272755232579,-10.43126047573692,0.4780749686727095,0.08207453623790727,14.09738478130864,1.0
OG0000110,47,0.0,0.0,1.0,0.0,0.0,0.0,1.0,0,0,0.0,0.0,1.0,0.0,0.0,1.0
OG0000110,48,0.0,0.0,1.0,0.0,0.0,0.0,1.0,0,0,0.0,0.0,1.0,0.0,0.0,1.0
OG0000110,49,0.0,0.0,1.0,0.0,0.0,0.0,1.0,0,0,0.0,0.0,1.0,0.0,0.0,1.0
OG0000110,50,0.0,0.0,1.0,0.0,0.0,0.0,1.0,0,0,0.0,0.0,1.0,0.0,0.0,1.0
OG0000110,51,0.0,0.0,1.0,0.0,0.0,0.0,1.0,0,0,0.0,0.0,1.0,0.0,0.0,1.0
OG0000110,52,0.0,0.0,1.0,0.0,0.0,0.0,1.0,0,0,0.0,0.0,1.0,0.0,0.0,1.0
OG0000110,53,0.0,0.0,1.0,0.0,0.0,0.0,1.0,0,0,0.0,0.0,1.0,0.0,0.0,1.0
OG0000110,54,0.0,0.0,1.0,0.0,0.0,0.0,1.0,0,0,0.0,0.0,1.0,0.0,0.0,1.0
OG0000110,55,479.5875159219447,8.935218364216707,0.7691753730834963,1.577130230641691,0.2308246269165037,0.0,0.6666666666666666,0,0,-10.51403219483734,-10.50667671502817,1.0,389.5016836464998,7.466003581949031,1.0
OG0000110,56,0.04134448312562512,1.033612078140628e-05,0.01,8.029326266363514,0.99,0.3897371458242809,0.4614769766666325,1,0,-8.495981309640719,-8.495175757375357,1.0,0.04134448312562512,8.029326266363514,1.0
OG0000110,57,0.0,0.0,1.0,0.0,0.0,0.0,1.0,0,0,0.0,0.0,1.0,0.0,0.0,1.0
OG0000110,58,0.0,0.0,1.0,0.0,0.0,0.0,1.0,0,0,0.0,0.0,1.0,0.0,0.0,1.0
OG0000110,59,27.18508765139005,0.005105250668659016,1.0,0.2020025977870891,0.0,0.0,0.6666666666666666,0,0,-8.547268861104609,-8.547178180840648,1.0,27.18154397209869,0.004080336853924602,1.0
OG0000110,60,14.42561199864172,0.02025906186633613,1.0,0.1754005580331612,0.0,0.0,0.6666666666666666,0,0,-10.32386233966288,-10.32356543922513,1.0,14.42415998410555,0.0161923982647038,1.0
OG0000110,61,0.0,0.0,1.0,0.0,0.0,0.0,1.0,0,0,0.0,0.0,1.0,0.0,0.0,1.0
OG0000110,62,0.0,0.0,1.0,0.0,0.0,0.0,1.0,0,0,0.0,0.0,1.0,0.0,0.0,1.0
OG0000110,63,0.0,0.0,1.0,0.0,0.0,0.0,1.0,0,0,0.0,0.0,1.0,0.0,0.0,1.0
OG0000110,64,0.0,0.0,1.0,0.0,0.0,0.0,1.0,0,0,0.0,0.0,1.0,0.0,0.0,1.0
OG0000110,65,0.0,0.0,1.0,0.0,0.0,0.0,1.0,0,0,0.0,0.0,1.0,0.0,0.0,1.0
OG0000110,66,0.0,0.0,1.0,0.0,0.0,0.0,1.0,0,0,0.0,0.0,1.0,0.0,0.0,1.0
OG0000110,67,0.04407469404854389,1.101867351213597e-05,0.01,8.270585144836401,0.99,0.3683636292286998,0.4681569470921165,1,0,-9.39399503127145,-9.393190064148715,1.0,0.04407469404854387,8.270585144836401,1.0
OG0000110,68,0.0,0.0,1.0,0.0,0.0,0.0,1.0,0,0,0.0,0.0,1.0,0.0,0.0,1.0
OG0000110,69,0.0,0.0,1.0,0.0,0.0,0.0,1.0,0,0,0.0,0.0,1.0,0.0,0.0,1.0
OG0000110,70,0.0,0.0,1.0,0.0,0.0,0.0,1.0,0,0,0.0,0.0,1.0,0.0,0.0,1.0
OG0000110,71,0.0,0.0,1.0,0.0,0.0,0.0,1.0,0,0,0.0,0.0,1.0,0.0,0.0,1.0
OG0000110,72,0.0,0.0,1.0,0.0,0.0,0.0,1.0,0,0,0.0,0.0,1.0,0.0,0.0,1.0
OG0000110,73,0.0,0.0,1.0,0.0,0.0,0.0,1.0,0,0,0.0,0.0,1.0,0.0,0.0,1.0
OG0000110,74,0.0,0.0,1.0,0.0,0.0,0.0,1.0,0,0,0.0,0.0,1.0,0.0,0.0,1.0
OG0000110,75,0.0,0.0,1.0,0.0,0.0,0.0,1.0,0,0,0.0,0.0,1.0,0.0,0.0,1.0
OG0000110,76,0.0,0.0,1.0,0.0,0.0,0.0,1.0,0,0,0.0,0.0,1.0,0.0,0.0,1.0
OG0000110,77,0.0,0.0,1.0,0.0,0.0,0.0,1.0,0,0,0.0,0.0,1.0,0.0,0.0,1.0
OG0000110,78,0.0,0.0,1.0,0.0,0.0,0.0,1.0,0,0,0.0,0.0,1.0,0.0,0.0,1.0
OG0000110,79,0.0,0.0,1.0,0.0,0.0,0.0,1.0,0,0,0.0,0.0,1.0,0.0,0.0,1.0
OG0000110,80,0.0,0.0,1.0,0.0,0.0,0.0,1.0,0,0,0.0,0.0,1.0,0.0,0.0,1.0
OG0000110,81,0.0,0.0,1.0,0.0,0.0,0.0,1.0,0,0,0.0,0.0,1.0,0.0,0.0,1.0
OG0000110,82,0.0,0.0,1.0,0.0,0.0,0.0,1.0,0,0,0.0,0.0,1.0,0.0,0.0,1.0
OG0000110,83,0.06802801834570187,1.700700458642547e-05,0.01,11.68466632527544,0.99,0.6604368406913963,0.3884695277809175,1,0,-8.905254127687728,-8.903999884342726,1.0,0.06802801834570187,11.68466632527544,1.0
OG0000110,84,0.0,0.0,1.0,0.0,0.0,0.0,1.0,0,0,0.0,0.0,1.0,0.0,0.0,1.0
OG0000110,85,0.01107439336473706,0.008985292163510456,0.9378377383840116,284.3872912402528,0.06216226161598837,1.343369577601386,0.2612428165237744,1,0,-11.98071585815756,-12.46763703594191,0.614515468486448,0.01458151776122941,5.436517741482702,1.0
OG0000110,86,0.0,0.0,1.0,0.0,0.0,0.0,1.0,0,0,0.0,0.0,1.0,0.0,0.0,1.0
OG0000110,87,0.0007914551547619652,1.978637886904913e-07,0.01,5.74277278984851,0.99,0.6566829413146316,0.3893629603136029,1,0,-11.37705421324924,-11.37601239920522,1.0,0.000791455154761965,5.74277278984851,1.0
OG0000110,88,0.0,0.0,1.0,0.0,0.0,0.0,1.0,0,0,0.0,0.0,1.0,0.0,0.0,1.0
OG0000110,89,0.0,0.0,1.0,0.0,0.0,0.0,1.0,0,0,0.0,0.0,1.0,0.0,0.0,1.0
OG0000110,90,0.0,0.0,1.0,0.0,0.0,0.0,1.0,0,0,0.0,0.0,1.0,0.0,0.0,1.0
OG0000110,91,0.0,0.0,1.0,0.0,0.0,0.0,1.0,0,0,0.0,0.0,1.0,0.0,0.0,1.0
OG0000110,92,0.0,0.0,1.0,0.0,0.0,0.0,1.0,0,0,0.0,0.0,1.0,0.0,0.0,1.0
OG0000110,93,41.00453905699914,0.01077955908250195,0.716672723877892,21.72669796046734,0.283327276122108,0.0,0.6666666666666666,0,0,-16.9581164835657,-16.93751377159355,1.0,40.91199729105868,5.59811225643482,1.0
OG0000110,94,0.0,0.0,1.0,0.0,0.0,0.0,1.0,0,0,0.0,0.0,1.0,0.0,0.0,1.0
OG0000110,95,0.0,0.0,1.0,0.0,0.0,0.0,1.0,0,0,0.0,0.0,1.0,0.0,0.0,1.0
OG0000110,96,0.0,0.0,1.0,0.0,0.0,0.0,1.0,0,0,0.0,0.0,1.0,0.0,0.0,1.0
OG0000110,97,0.0,0.0,1.0,0.0,0.0,0.0,1.0,0,0,0.0,0.0,1.0,0.0,0.0,1.0
OG0000110,98,0.0,0.0,1.0,0.0,0.0,0.0,1.0,0,0,0.0,0.0,1.0,0.0,0.0,1.0
OG0000110,99,0.0,0.0,1.0,0.0,0.0,0.0,1.0,0,0,0.0,0.0,1.0,0.0,0.0,1.0
OG0000110,100,0.0,0.0,1.0,0.0,0.0,0.0,1.0,0,0,0.0,0.0,1.0,0.0,0.0,1.0
OG0000110,101,0.008512001196640232,0.004215038709451579,0.9321507854849012,322.9046194242899,0.06784921451509884,1.426401680393006,0.2493992230652019,1,0,-10.36738603020583,-10.84162813981825,0.6223565558017131,0.03713085661041809,7.140890792886124,1.0
OG0000110,102,0.0,0.0,1.0,0.0,0.0,0.0,1.0,0,0,0.0,0.0,1.0,0.0,0.0,1.0
OG0000110,103,0.0,0.0,1.0,0.0,0.0,0.0,1.0,0,0,0.0,0.0,1.0,0.0,0.0,1.0
OG0000110,104,0.0,0.0,1.0,0.0,0.0,0.0,1.0,0,0,0.0,0.0,1.0,0.0,0.0,1.0
OG0000110,105,0.0,0.0,1.0,0.0,0.0,0.0,1.0,0,0,0.0,0.0,1.0,0.0,0.0,1.0
OG0000110,106,0.0,0.0,1.0,0.0,0.0,0.0,1.0,0,0,0.0,0.0,1.0,0.0,0.0,1.0
OG0000110,107,0.0,0.0,1.0,0.0,0.0,0.0,1.0,0,0,0.0,0.0,1.0,0.0,0.0,1.0
OG0000110,108,0.0,0.0,1.0,0.0,0.0,0.0,1.0,0,0,0.0,0.0,1.0,0.0,0.0,1.0
OG0000110,109,0.05844419306608042,0.03515384694040596,0.9165420605401506,319.8145904535846,0.08345793945984936,1.030652281403455,0.3120137653864264,1,0,-9.045481202578982,-9.308277578066356,0.7688984479315559,0.06802801834570187,11.68466632527544,1.0
OG0000110,110,0.0,0.0,1.0,0.0,0.0,0.0,1.0,0,0,0.0,0.0,1.0,0.0,0.0,1.0
OG0000110,111,0.0,0.0,1.0,0.0,0.0,0.0,1.0,0,0,0.0,0.0,1.0,0.0,0.0,1.0
OG0000110,112,0.0,0.0,1.0,0.0,0.0,0.0,1.0,0,0,0.0,0.0,1.0,0.0,0.0,1.0
OG0000110,113,0.0,0.0,1.0,0.0,0.0,0.0,1.0,0,0,0.0,0.0,1.0,0.0,0.0,1.0
OG0000110,114,0.0,0.0,1.0,0.0,0.0,0.0,1.0,0,0,0.0,0.0,1.0,0.0,0.0,1.0
OG0000110,115,0.0,0.0,1.0,0.0,0.0,0.0,1.0,0,0,0.0,0.0,1.0,0.0,0.0,1.0
OG0000110,116,0.0,0.0,1.0,0.0,0.0,0.0,1.0,0,0,0.0,0.0,1.0,0.0,0.0,1.0
OG0000110,117,26.03233949696506,0.006674255683815359,1.0,0.4142163908562361,0.0,0.0,0.6666666666666666,0,0,-9.486442788655786,-9.486367486538244,1.0,26.30414280292839,0.005580605134189952,1.0
OG0000110,118,0.0,0.0,1.0,0.0,0.0,0.0,1.0,0,0,0.0,0.0,1.0,0.0,0.0,1.0
OG0000110,119,0.0,0.0,1.0,0.0,0.0,0.0,1.0,0,0,0.0,0.0,1.0,0.0,0.0,1.0
OG0000110,120,45.0914948631879,0.001423776400341093,1.0,0.3359114454081758,0.0,0.0,0.6666666666666666,0,0,-8.60809038903735,-8.608081924138716,1.0,44.33040698150816,0.001142843929115394,1.0
OG0000110,121,0.08207453623790727,2.051863405947682e-05,0.01,14.09738478130864,0.99,0.8456268397850977,0.3475780490964723,0,0,-9.328646399177746,-9.326421586066695,1.0,0.08207453623790727,14.09738478130864,1.0
OG0000110,122,87.44648709462665,0.0009512922677634364,1.0,2.211783919638835,0.0,0.0,0.6666666666666666,0,0,-6.730344292939502,-6.730318226724468,1.0,87.8842447346718,0.0008913657496755438,1.0
OG0000110,123,0.0,0.0,1.0,0.0,0.0,0.0,1.0,0,0,0.0,0.0,1.0,0.0,0.0,1.0
OG0000110,124,26.08356993231982,0.005950809348843835,1.0,0.6714025103350791,0.0,0.0,0.6666666666666666,0,0,-10.36164794373095,-10.36166575983873,0.9999821840509248,26.30414280292839,0.005580605134189952,1.0
OG0000110,125,0.0,0.0,1.0,0.0,0.0,0.0,1.0,0,0,0.0,0.0,1.0,0.0,0.0,1.0
OG0000110,126,0.0,0.0,1.0,0.0,0.0,0.0,1.0,0,0,0.0,0.0,1.0,0.0,0.0,1.0
OG0000110,127,0.07643014283061929,1.910753570765482e-05,0.01,22.10376573726555,0.99,0.8868520209254473,0.3392385735530927,0,0,-7.68588467732375,-7.685457015310367,1.0,0.07643014283061929,22.10376573726555,1.0
OG0000110,128,0.0,0.0,1.0,0.0,0.0,0.0,1.0,0,0,0.0,0.0,1.0,0.0,0.0,1.0
OG0000110,129,0.0,0.0,1.0,0.0,0.0,0.0,1.0,0,0,0.0,0.0,1.0,0.0,0.0,1.0
OG0000110,130,0.0,0.0,1.0,0.0,0.0,0.0,1.0,0,0,0.0,0.0,1.0,0.0,0.0,1.0
OG0000110,131,0.0,0.0,1.0,0.0,0.0,0.0,1.0,0,0,0.0,0.0,1.0,0.0,0.0,1.0
OG0000110,132,0.0,0.0,1.0,0.0,0.0,0.0,1.0,0,0,0.0,0.0,1.0,0.0,0.0,1.0
OG0000110,133,0.0,0.0,1.0,0.0,0.0,0.0,1.0,0,0,0.0,0.0,1.0,0.0,0.0,1.0
OG0000110,134,0.0,0.0,1.0,0.0,0.0,0.0,1.0,0,0,0.0,0.0,1.0,0.0,0.0,1.0
OG0000110,135,0.0,0.0,1.0,0.0,0.0,0.0,1.0,0,0,0.0,0.0,1.0,0.0,0.0,1.0
OG0000110,136,0.0,0.0,1.0,0.0,0.0,0.0,1.0,0,0,0.0,0.0,1.0,0.0,0.0,1.0
OG0000110,137,0.0,0.0,1.0,0.0,0.0,0.0,1.0,0,0,0.0,0.0,1.0,0.0,0.0,1.0
OG0000110,138,0.0,0.0,1.0,0.0,0.0,0.0,1.0,0,0,0.0,0.0,1.0,0.0,0.0,1.0
OG0000110,139,0.0,0.0,1.0,0.0,0.0,0.0,1.0,0,0,0.0,0.0,1.0,0.0,0.0,1.0
OG0000110,140,0.0,0.0,1.0,0.0,0.0,0.0,1.0,0,0,0.0,0.0,1.0,0.0,0.0,1.0
OG0000110,141,0.0,0.0,1.0,0.0,0.0,0.0,1.0,0,0,0.0,0.0,1.0,0.0,0.0,1.0
OG0000110,142,0.0,0.0,1.0,0.0,0.0,0.0,1.0,0,0,0.0,0.0,1.0,0.0,0.0,1.0
OG0000110,143,0.0,0.0,1.0,0.0,0.0,0.0,1.0,0,0,0.0,0.0,1.0,0.0,0.0,1.0
OG0000110,144,0.0,0.0,1.0,0.0,0.0,0.0,1.0,0,0,0.0,0.0,1.0,0.0,0.0,1.0
OG0000110,145,0.0,0.0,1.0,0.0,0.0,0.0,1.0,0,0,0.0,0.0,1.0,0.0,0.0,1.0
OG0000110,146,279.5807964638954,0.002684043419201634,0.7590976140981247,0.4005362265720345,0.2409023859018753,0.0,0.6666666666666666,0,0,-9.402430624504742,-9.39716884964856,1.0,282.8308994675115,0.002766181280125633,1.0
OG0000110,147,0.0,0.0,1.0,0.0,0.0,0.0,1.0,0,0,0.0,0.0,1.0,0.0,0.0,1.0
OG0000110,148,0.0,0.0,1.0,0.0,0.0,0.0,1.0,0,0,0.0,0.0,1.0,0.0,0.0,1.0
OG0000110,149,0.0,0.0,1.0,0.0,0.0,0.0,1.0,0,0,0.0,0.0,1.0,0.0,0.0,1.0
OG0000110,150,0.0,0.0,1.0,0.0,0.0,0.0,1.0,0,0,0.0,0.0,1.0,0.0,0.0,1.0
OG0000110,151,0.0,0.0,1.0,0.0,0.0,0.0,1.0,0,0,0.0,0.0,1.0,0.0,0.0,1.0
OG0000110,152,0.0,0.0,1.0,0.0,0.0,0.0,1.0,0,0,0.0,0.0,1.0,0.0,0.0,1.0
OG0000110,153,0.0,0.0,1.0,0.0,0.0,0.0,1.0,0,0,0.0,0.0,1.0,0.0,0.0,1.0
OG0000110,154,0.0,0.0,1.0,0.0,0.0,0.0,1.0,0,0,0.0,0.0,1.0,0.0,0.0,1.0
OG0000110,155,0.0,0.0,1.0,0.0,0.0,0.0,1.0,0,0,0.0,0.0,1.0,0.0,0.0,1.0
OG0000110,156,0.0,0.0,1.0,0.0,0.0,0.0,1.0,0,0,0.0,0.0,1.0,0.0,0.0,1.0
OG0000110,157,0.0,0.0,1.0,0.0,0.0,0.0,1.0,0,0,0.0,0.0,1.0,0.0,0.0,1.0
OG0000110,158,0.0,0.0,1.0,0.0,0.0,0.0,1.0,0,0,0.0,0.0,1.0,0.0,0.0,1.0
OG0000110,159,0.0,0.0,1.0,0.0,0.0,0.0,1.0,0,0,0.0,0.0,1.0,0.0,0.0,1.0
OG0000110,160,358.3563249457579,0.0009504660609154141,0.7794920719778444,0.07990151202194215,0.2205079280221556,0.0,0.6666666666666666,0,0,-12.23889780195177,-12.23767488080998,1.0,366.5345557639363,0.001027492037803136,1.0
OG0000110,161,0.0,0.0,1.0,0.0,0.0,0.0,1.0,0,0,0.0,0.0,1.0,0.0,0.0,1.0
OG0000110,162,0.0,0.0,1.0,0.0,0.0,0.0,1.0,0,0,0.0,0.0,1.0,0.0,0.0,1.0
OG0000110,163,0.0,0.0,1.0,0.0,0.0,0.0,1.0,0,0,0.0,0.0,1.0,0.0,0.0,1.0
OG0000110,164,0.0,0.0,1.0,0.0,0.0,0.0,1.0,0,0,0.0,0.0,1.0,0.0,0.0,1.0
OG0000110,165,113.8874132569277,0.0002172700519979415,1.0,0.66868560411811,0.0,0.0,0.6666666666666666,0,0,-17.22039810768968,-17.22038467906879,1.0,113.5729994394052,0.0001966894778959304,1.0
OG0000110,166,0.0,0.0,1.0,0.0,0.0,0.0,1.0,0,0,0.0,0.0,1.0,0.0,0.0,1.0
OG0000110,167,153.3922173879723,0.01121804543281894,1.0,0.125354479907526,0.0,0.0,0.6666666666666666,0,0,-11.82737223130594,-11.82738354148936,0.9999886898805384,153.6288027396923,0.0112136599555756,1.0
OG0000110,168,0.0,0.0,1.0,0.0,0.0,0.0,1.0,0,0,0.0,0.0,1.0,0.0,0.0,1.0
OG0000110,169,0.0,0.0,1.0,0.0,0.0,0.0,1.0,0,0,0.0,0.0,1.0,0.0,0.0,1.0
OG0000110,170,0.0,0.0,1.0,0.0,0.0,0.0,1.0,0,0,0.0,0.0,1.0,0.0,0.0,1.0
OG0000110,171,0.0,0.0,1.0,0.0,0.0,0.0,1.0,0,0,0.0,0.0,1.0,0.0,0.0,1.0
OG0000110,172,0.0,0.0,1.0,0.0,0.0,0.0,1.0,0,0,0.0,0.0,1.0,0.0,0.0,1.0
OG0000110,173,0.0,0.0,1.0,0.0,0.0,0.0,1.0,0,0,0.0,0.0,1.0,0.0,0.0,1.0
OG0000110,174,0.0,0.0,1.0,0.0,0.0,0.0,1.0,0,0,0.0,0.0,1.0,0.0,0.0,1.0
OG0000110,175,0.0,0.0,1.0,0.0,0.0,0.0,1.0,0,0,0.0,0.0,1.0,0.0,0.0,1.0
OG0000110,176,0.0,0.0,1.0,0.0,0.0,0.0,1.0,0,0,0.0,0.0,1.0,0.0,0.0,1.0
OG0000110,177,0.0,0.0,1.0,0.0,0.0,0.0,1.0,0,0,0.0,0.0,1.0,0.0,0.0,1.0
OG0000110,178,0.01390966023591826,0.006964611808070364,0.9331969882688652,627.3030810427549,0.06680301173113479,1.302802675990499,0.2672593080347631,1,0,-8.347995055574035,-8.908090493647656,0.5711545513351626,0.06622841088497652,10.90267794525826,1.0
OG0000110,179,0.0,0.0,1.0,0.0,0.0,0.0,1.0,0,0,0.0,0.0,1.0,0.0,0.0,1.0
OG0000110,180,0.0,0.0,1.0,0.0,0.0,0.0,1.0,0,0,0.0,0.0,1.0,0.0,0.0,1.0
OG0000110,181,0.086707633158797,2.167690828969925e-05,0.01,14.90575824060759,0.99,0.6677113880172705,0.3867461425006325,2,0,-11.96921595303609,-11.96683184714323,1.0,0.086707633158797,14.90575824060759,1.0
OG0000110,182,0.0,0.0,1.0,0.0,0.0,0.0,1.0,0,0,0.0,0.0,1.0,0.0,0.0,1.0
OG0000110,183,0.0,0.0,1.0,0.0,0.0,0.0,1.0,0,0,0.0,0.0,1.0,0.0,0.0,1.0
OG0000110,184,0.0,0.0,1.0,0.0,0.0,0.0,1.0,0,0,0.0,0.0,1.0,0.0,0.0,1.0
OG0000110,185,0.0,0.0,1.0,0.0,0.0,0.0,1.0,0,0,0.0,0.0,1.0,0.0,0.0,1.0
OG0000110,186,194.4821461624822,0.01075332994325656,1.0,0.6724773248587651,0.0,0.0,0.6666666666666666,0,0,-8.69009866289237,-8.690116614575414,0.9999820484780846,194.9166157383012,0.01088602247208705,1.0
OG0000110,187,0.0,0.0,1.0,0.0,0.0,0.0,1.0,0,0,0.0,0.0,1.0,0.0,0.0,1.0
OG0000110,188,0.0,0.0,1.0,0.0,0.0,0.0,1.0,0,0,0.0,0.0,1.0,0.0,0.0,1.0
OG0000110,189,0.0,0.0,1.0,0.0,0.0,0.0,1.0,0,0,0.0,0.0,1.0,0.0,0.0,1.0
OG0000110,190,0.0,0.0,1.0,0.0,0.0,0.0,1.0,0,0,0.0,0.0,1.0,0.0,0.0,1.0
OG0000110,191,0.0,0.0,1.0,0.0,0.0,0.0,1.0,0,0,0.0,0.0,1.0,0.0,0.0,1.0
OG0000110,192,0.0,0.0,1.0,0.0,0.0,0.0,1.0,0,0,0.0,0.0,1.0,0.0,0.0,1.0
OG0000110,193,0.0,0.0,1.0,0.0,0.0,0.0,1.0,0,0,0.0,0.0,1.0,0.0,0.0,1.0
OG0000110,194,0.0,0.0,1.0,0.0,0.0,0.0,1.0,0,0,0.0,0.0,1.0,0.0,0.0,1.0
OG0000110,195,0.0,0.0,1.0,0.0,0.0,0.0,1.0,0,0,0.0,0.0,1.0,0.0,0.0,1.0
OG0000110,196,0.0,0.0,1.0,0.0,0.0,0.0,1.0,0,0,0.0,0.0,1.0,0.0,0.0,1.0
OG0000110,197,0.08124161971573186,0.04725624829649943,0.9161397110203944,398.375250725525,0.08386028897960562,0.7965791253008696,0.35784021286754,1,0,-10.66431308499948,-10.92372979436213,0.7715014641547719,0.0839929826668197,14.31528587280508,1.0
OG0000110,198,0.0,0.0,1.0,0.0,0.0,0.0,1.0,0,0,0.0,0.0,1.0,0.0,0.0,1.0
OG0000110,199,0.0,0.0,1.0,0.0,0.0,0.0,1.0,0,0,0.0,0.0,1.0,0.0,0.0,1.0
OG0000110,200,0.0,0.0,1.0,0.0,0.0,0.0,1.0,0,0,0.0,0.0,1.0,0.0,0.0,1.0
OG0000110,201,0.0,0.0,1.0,0.0,0.0,0.0,1.0,0,0,0.0,0.0,1.0,0.0,0.0,1.0
OG0000110,202,0.0,0.0,1.0,0.0,0.0,0.0,1.0,0,0,0.0,0.0,1.0,0.0,0.0,1.0
OG0000110,203,0.0,0.0,1.0,0.0,0.0,0.0,1.0,0,0,0.0,0.0,1.0,0.0,0.0,1.0
OG0000110,204,0.2086366582527174,5.215916456317936e-05,0.01,90.46448584846969,0.99,0.3406702550697993,0.4770728918329041,0,0,-5.628939899286598,-5.628065099414589,1.0,0.2086366582527174,90.46448584846966,1.0
OG0000110,205,5.746055776658671,0.0,0.01,99999.99999999693,0.99,-1.602238342002238e-10,0.6666666666666666,0,0,-5.853407789085853,-5.853407788985853,1.0,5.746055776658671,100000.0,1.0
OG0000110,206,0.0,0.0,1.0,0.0,0.0,0.0,1.0,0,0,0.0,0.0,1.0,0.0,0.0,1.0
OG0000110,207,773.2462382805646,0.0002717817986995216,0.8006472813780973,0.02477824685565507,0.1993527186219027,0.0,0.6666666666666666,0,0,-4.252343694409929,-4.252272267296603,1.0,4521.927677009668,0.001747144141100475,1.0
OG0000110,208,0.0,0.0,1.0,0.0,0.0,0.0,1.0,0,0,0.0,0.0,1.0,0.0,0.0,1.0
OG0000110,209,0.0,0.0,1.0,0.0,0.0,0.0,1.0,0,0,0.0,0.0,1.0,0.0,0.0,1.0
OG0000110,210,0.0,0.0,1.0,0.0,0.0,0.0,1.0,0,0,0.0,0.0,1.0,0.0,0.0,1.0
OG0000110,211,0.0,0.0,1.0,0.0,0.0,0.0,1.0,0,0,0.0,0.0,1.0,0.0,0.0,1.0
OG0000110,212,0.0,0.0,1.0,0.0,0.0,0.0,1.0,0,0,0.0,0.0,1.0,0.0,0.0,1.0
OG0000110,213,0.0,0.0,1.0,0.0,0.0,0.0,1.0,0,0,0.0,0.0,1.0,0.0,0.0,1.0
OG0000110,214,0.2079962992914598,5.199907482286496e-05,0.01,262.488187601855,0.99,0.8959855576860445,0.3374248673552099,0,0,-5.623276331568194,-5.621747216681772,1.0,0.2079962992914599,262.4881876018553,1.0
OG0000110,215,0.0,0.0,1.0,0.0,0.0,0.0,1.0,0,0,0.0,0.0,1.0,0.0,0.0,1.0
OG0000116,1,0.0,0.0,1.0,0.0,0.0,0.0,1.0,0,0,0.0,0.0,1.0,0.0,0.0,1.0
OG0000116,2,0.0,0.0,1.0,0.0,0.0,0.0,1.0,0,0,0.0,0.0,1.0,0.0,0.0,1.0
OG0000116,3,0.0,0.0,1.0,0.0,0.0,0.0,1.0,0,0,0.0,0.0,1.0,0.0,0.0,1.0
OG0000116,4,0.0,0.0,1.0,0.0,0.0,0.0,1.0,0,0,0.0,0.0,1.0,0.0,0.0,1.0
OG0000116,5,0.0,0.0,1.0,0.0,0.0,0.0,1.0,0,0,0.0,0.0,1.0,0.0,0.0,1.0
OG0000116,6,0.0,0.0,1.0,0.0,0.0,0.0,1.0,0,0,0.0,0.0,1.0,0.0,0.0,1.0
OG0000116,7,0.01613835731688809,0.007859552539682348,0.8074726428091534,55.67130820901238,0.1925273571908466,1.16730330490708,0.2885345746623736,1,0,-10.53692252680015,-11.03583645091035,0.6071897558676,0.01599653753049408,4.168487351085536,1.0
OG0000116,8,0.0,0.0,1.0,0.0,0.0,0.0,1.0,0,0,0.0,0.0,1.0,0.0,0.0,1.0
OG0000116,9,0.0,0.0,1.0,0.0,0.0,0.0,1.0,0,0,0.0,0.0,1.0,0.0,0.0,1.0
OG0000116,10,0.0,0.0,1.0,0.0,0.0,0.0,1.0,0,0,0.0,0.0,1.0,0.0,0.0,1.0
OG0000116,11,13.25562942918119,5.664807781349739e-06,1.0,0.3901214107473327,0.0,0.0,0.6666666666666666,0,0,-9.50961401948426,-9.509615983309963,0.9999980361762253,13.22442514793736,5.904759132232754e-06,1.0
OG0000116,12,0.01046418767693858,0.004953096344024858,0.9399657719147088,388.177750434553,0.06003422808529124,2.44330197923988,0.1434807502915555,1,0,-9.05835057994683,-9.952157678506794,0.4090953180457373,0.01777413589438267,4.597677710238836,1.0
OG0000116,13,0.0,0.0,1.0,0.0,0.0,0.0,1.0,0,0,0.0,0.0,1.0,0.0,0.0,1.0
OG0000116,14,0.0,0.0,1.0,0.0,0.0,0.0,1.0,0,0,0.0,0.0,1.0,0.0,0.0,1.0
OG0000116,15,7.740477798552215,6.325567535469339e-07,1.0,0.3675397437737002,0.0,0.0,0.6666666666666666,0,0,-10.00562980281853,-10.00563349061182,0.9999963122135058,7.719249625109823,6.465383135404185e-07,1.0
OG0000116,16,12.17787444348121,1.071295587500989e-05,1.0,0.7270953458468049,0.0,0.0,0.6666666666666666,0,0,-16.0643636378048,-16.06431929542137,1.0,12.02574571911224,1.051293606466896e-05,1.0
OG0000116,17,0.0,0.0,1.0,0.0,0.0,0.0,1.0,0,0,0.0,0.0,1.0,0.0,0.0,1.0
OG0000116,18,0.0,0.0,1.0,0.0,0.0,0.0,1.0,0,0,0.0,0.0,1.0,0.0,0.0,1.0
OG0000116,19,0.0,0.0,1.0,0.0,0.0,0.0,1.0,0,0,0.0,0.0,1.0,0.0,0.0,1.0
OG0000116,20,0.0,0.0,1.0,0.0,0.0,0.0,1.0,0,0,0.0,0.0,1.0,0.0,0.0,1.0
OG0000116,21,0.0,0.0,1.0,0.0,0.0,0.0,1.0,0,0,0.0,0.0,1.0,0.0,0.0,1.0
OG0000116,22,0.0,0.0,1.0,0.0,0.0,0.0,1.0,0,0,0.0,0.0,1.0,0.0,0.0,1.0
OG0000116,23,0.0,0.0,1.0,0.0,0.0,0.0,1.0,0,0,0.0,0.0,1.0,0.0,0.0,1.0
OG0000116,24,0.0,0.0,1.0,0.0,0.0,0.0,1.0,0,0,0.0,0.0,1.0,0.0,0.0,1.0
OG0000116,25,0.0,0.0,1.0,0.0,0.0,0.0,1.0,0,0,0.0,0.0,1.0,0.0,0.0,1.0
OG0000116,26,0.0,0.0,1.0,0.0,0.0,0.0,1.0,0,0,0.0,0.0,1.0,0.0,0.0,1.0
OG0000116,27,0.0,0.0,1.0,0.0,0.0,0.0,1.0,0,0,0.0,0.0,1.0,0.0,0.0,1.0
OG0000116,28,0.0,0.0,1.0,0.0,0.0,0.0,1.0,0,0,0.0,0.0,1.0,0.0,0.0,1.0
OG0000116,29,0.0,0.0,1.0,0.0,0.0,0.0,1.0,0,0,0.0,0.0,1.0,0.0,0.0,1.0
OG0000116,30,0.0,0.0,1.0,0.0,0.0,0.0,1.0,0,0,0.0,0.0,1.0,0.0,0.0,1.0
OG0000116,31,11.49479397443681,1.101007715651447e-05,1.0,0.4093013207968758,0.0,0.0,0.6666666666666666,0,0,-9.539530266180387,-9.539541263305713,0.9999890029351417,11.57206301507897,1.15925788947673e-05,1.0
OG0000116,32,0.0,0.0,1.0,0.0,0.0,0.0,1.0,0,0,0.0,0.0,1.0,0.0,0.0,1.0
OG0000116,33,0.0,0.0,1.0,0.0,0.0,0.0,1.0,0,0,0.0,0.0,1.0,0.0,0.0,1.0
OG0000116,34,0.0,0.0,1.0,0.0,0.0,0.0,1.0,0,0,0.0,0.0,1.0,0.0,0.0,1.0
OG0000116,35,0.0,0.0,1.0,0.0,0.0,0.0,1.0,0,0,0.0,0.0,1.0,0.0,0.0,1.0
OG0000116,36,0.0,0.0,1.0,0.0,0.0,0.0,1.0,0,0,0.0,0.0,1.0,0.0,0.0,1.0
OG0000116,37,0.0,0.0,1.0,0.0,0.0,0.0,1.0,0,0,0.0,0.0,1.0,0.0,0.0,1.0
OG0000116,38,0.0,0.0,1.0,0.0,0.0,0.0,1.0,0,0,0.0,0.0,1.0,0.0,0.0,1.0
OG0000116,39,14.22603203452103,0.000452666677252362,1.0,0.8525498695557264,0.0,0.0,0.6666666666666666,0,0,-7.074704096348635,-7.074704507257247,0.9999995890914732,14.21356323818817,0.0004693968790253016,1.0
OG0000116,40,0.0,0.0,1.0,0.0,0.0,0.0,1.0,0,0,0.0,0.0,1.0,0.0,0.0,1.0
OG0000116,41,0.0,0.0,1.0,0.0,0.0,0.0,1.0,0,0,0.0,0.0,1.0,0.0,0.0,1.0
OG0000116,42,3.732966322643816,1.678501647460681e-07,1.0,0.2729748045813104,0.0,0.0,0.6666666666666666,0,0,-9.30754965142786,-9.307545632968276,1.0,3.725026044550632,1.716660707193102e-07,1.0
OG0000116,43,0.0,0.0,1.0,0.0,0.0,0.0,1.0,0,0,0.0,0.0,1.0,0.0,0.0,1.0
OG0000116,44,9.082001064670447,0.02819051343233933,1.0,0.2891201814147997,0.0,0.0,0.6666666666666666,0,0,-9.50503186541085,-9.5056037601024,0.9994282688090195,9.213960010812498,0.03082658416624656,1.0
OG0000116,45,22.43189267462206,0.0,0.9488403492030046,355.7107319722126,0.05115965079699536,1.193461927656067,0.2842795473861506,1,0,-18.53148623431776,-19.5791848369702,0.3507440223066979,22.2518885425643,2.827763287488384,1.0
OG0000116,46,0.0,0.0,1.0,0.0,0.0,0.0,1.0,0,0,0.0,0.0,1.0,0.0,0.0,1.0
OG0000116,47,0.0,0.0,1.0,0.0,0.0,0.0,1.0,0,0,0.0,0.0,1.0,0.0,0.0,1.0
OG0000116,48,7.742995110750452,5.390321955715281e-08,1.0,0.3272837171979154,0.0,0.0,0.6666666666666666,0,0,-11.17199833659382,-11.17199956525697,0.9999987713376048,7.728133621044528,5.621094719586184e-08,1.0
OG0000116,49,0.0,0.0,1.0,0.0,0.0,0.0,1.0,0,0,0.0,0.0,1.0,0.0,0.0,1.0
OG0000116,50,0.0,0.0,1.0,0.0,0.0,0.0,1.0,0,0,0.0,0.0,1.0,0.0,0.0,1.0
OG0000116,51,0.0,0.0,1.0,0.0,0.0,0.0,1.0,0,0,0.0,0.0,1.0,0.0,0.0,1.0
OG0000116,52,0.0,0.0,1.0,0.0,0.0,0.0,1.0,0,0,0.0,0.0,1.0,0.0,0.0,1.0
OG0000116,53,0.0,0.0,1.0,0.0,0.0,0.0,1.0,0,0,0.0,0.0,1.0,0.0,0.0,1.0
OG0000116,54,0.0,0.0,1.0,0.0,0.0,0.0,1.0,0,0,0.0,0.0,1.0,0.0,0.0,1.0
OG0000116,55,0.0,0.0,1.0,0.0,0.0,0.0,1.0,0,0,0.0,0.0,1.0,0.0,0.0,1.0
OG0000116,56,0.01777413589438266,0.0,0.01,4.597677710238836,0.99,0.6977363457035253,0.3797418548919702,1,0,-7.628120155648848,-7.628013919928534,1.0,0.01777413589438267,4.597677710238836,1.0
OG0000116,57,6.439485681573907,1.612994910815228e-05,1.0,0.3430201274710376,0.0,0.0,0.6666666666666666,0,0,-8.666096958086511,-8.666096582211996,1.0,6.422965185416659,1.648939936023138e-05,1.0
OG0000116,58,0.0,0.0,1.0,0.0,0.0,0.0,1.0,0,0,0.0,0.0,1.0,0.0,0.0,1.0
OG0000116,59,6.425022042702748,1.222323317781281e-06,1.0,0.3337490336030707,0.0,0.0,0.6666666666666666,0,0,-7.956924250674956,-7.956934169250254,0.9999900814738905,6.459760403361567,1.285310289557826e-06,1.0
OG0000116,60,0.0,0.0,1.0,0.0,0.0,0.0,1.0,0,0,0.0,0.0,1.0,0.0,0.0,1.0
OG0000116,61,0.0,0.0,1.0,0.0,0.0,0.0,1.0,0,0,0.0,0.0,1.0,0.0,0.0,1.0
OG0000116,62,0.0,0.0,1.0,0.0,0.0,0.0,1.0,0,0,0.0,0.0,1.0,0.0,0.0,1.0
OG0000116,63,2.960262616567623e-06,2.220196962425717e-06,0.8400000000000001,0.0001070551831000167,0.1599999999999999,-1.33243633122504e-05,0.6666666666666666,0,0,-4.243633027060188,-4.243667190036145,0.9999658376075885,2.960262616567623e-06,0.0001070551831000167,1.0
OG0000116,64,0.0,0.0,1.0,0.0,0.0,0.0,1.0,0,0,0.0,0.0,1.0,0.0,0.0,1.0
OG0000116,65,17.69681076855764,9.183191328138491e-05,1.0,0.9657695153333281,0.0,0.0,0.6666666666666666,0,0,-12.98554010844302,-12.98550280718212,1.0,17.59126639185255,9.684007720791657e-05,1.0
OG0000116,66,0.0,0.0,1.0,0.0,0.0,0.0,1.0,0,0,0.0,0.0,1.0,0.0,0.0,1.0
OG0000116,67,0.0,0.0,1.0,0.0,0.0,0.0,1.0,0,0,0.0,0.0,1.0,0.0,0.0,1.0
OG0000116,68,0.0,0.0,1.0,0.0,0.0,0.0,1.0,0,0,0.0,0.0,1.0,0.0,0.0,1.0
OG0000116,69,0.0,0.0,1.0,0.0,0.0,0.0,1.0,0,0,0.0,0.0,1.0,0.0,0.0,1.0
OG0000116,70,22.27716570547184,0.005968415082155842,1.0,0.5861932137522068,0.0,0.0,0.6666666666666666,0,0,-13.47568887803004,-13.47561586074837,1.0,22.12127437831565,0.005510919924155149,1.0
OG0000116,71,0.0,0.0,1.0,0.0,0.0,0.0,1.0,0,0,0.0,0.0,1.0,0.0,0.0,1.0
OG0000116,72,0.0,0.0,1.0,0.0,0.0,0.0,1.0,0,0,0.0,0.0,1.0,0.0,0.0,1.0
OG0000116,73,40.46634304257411,0.002219682545304615,1.0,1.230889530161282,0.0,0.0,0.6666666666666666,0,0,-5.961088408305582,-5.961134614590796,0.9999537947822766,40.58292408941161,0.002359769958364101,1.0
OG0000116,74,0.0,0.0,1.0,0.0,0.0,0.0,1.0,0,0,0.0,0.0,1.0,0.0,0.0,1.0
OG0000116,75,0.0,0.0,1.0,0.0,0.0,0.0,1.0,0,0,0.0,0.0,1.0,0.0,0.0,1.0
OG0000116,76,0.0,0.0,1.0,0.0,0.0,0.0,1.0,0,0,0.0,0.0,1.0,0.0,0.0,1.0
OG0000116,77,0.0,0.0,1.0,0.0,0.0,0.0,1.0,0,0,0.0,0.0,1.0,0.0,0.0,1.0
OG0000116,78,0.0,0.0,1.0,0.0,0.0,0.0,1.0,0,0,0.0,0.0,1.0,0.0,0.0,1.0
OG0000116,79,0.0,0.0,1.0,0.0,0.0,0.0,1.0,0,0,0.0,0.0,1.0,0.0,0.0,1.0
OG0000116,80,0.0,0.0,1.0,0.0,0.0,0.0,1.0,0,0,0.0,0.0,1.0,0.0,0.0,1.0
OG0000116,81,0.0,0.0,1.0,0.0,0.0,0.0,1.0,0,0,0.0,0.0,1.0,0.0,0.0,1.0
OG0000116,82,0.0,0.0,1.0,0.0,0.0,0.0,1.0,0,0,0.0,0.0,1.0,0.0,0.0,1.0
OG0000116,83,0.0,0.0,1.0,0.0,0.0,0.0,1.0,0,0,0.0,0.0,1.0,0.0,0.0,1.0
OG0000116,84,177.0895925333118,4.183226888655153,0.9650127041010642,2.506002118306274,0.03498729589893579,0.0,0.6666666666666666,0,0,-11.56797590442836,-11.56566717283518,1.0,172.7614118770841,4.004064630191145,1.0
OG0000116,85,0.0,0.0,1.0,0.0,0.0,0.0,1.0,0,0,0.0,0.0,1.0,0.0,0.0,1.0
OG0000116,86,33.38576086955788,5.111589231970671,0.864308462140559,5.235486327303297,0.135691537859441,0.0,0.6666666666666666,0,0,-8.483502901003638,-8.48330541428662,1.0,33.17124043896278,5.022525528583641,1.0
OG0000116,87,1.095788098408065e-05,5.575130723191135e-06,0.5087781781249999,14.27695794592123,0.4912218218750001,1.291060516406649,0.2690300642840009,1,0,-9.624140646175652,-9.761345595073385,0.8717915351006342,1.05818117062926e-05,8.747634319269835,1.0
OG0000116,88,27.02493738888085,2.557633336403243e-05,1.0,0.675406972202704,0.0,0.0,0.6666666666666666,0,0,-11.05548336964661,-11.05548686988715,0.9999964997655856,27.20576880466706,2.395072485765284e-05,1.0
OG0000116,89,14.35082326070566,0.001590973954911889,0.7183387035335306,17.08147747134982,0.2816612964664694,0.01532373966565004,0.6343127296672266,1,0,-12.47528227368264,-12.87146221486,0.6728856051980756,14.07473140891171,6.354162314358988,1.0
OG0000116,90,17.37812132371834,3.474488282047542e-06,1.0,0.9704736993585799,0.0,0.0,0.6666666666666666,0,0,-5.265264766748689,-5.265266897257606,0.9999978694933517,17.41325179661484,3.690603001008066e-06,1.0
OG0000116,91,0.008266163835702948,0.0,0.8925816401049196,117.3537842241658,0.1074183598950804,1.924121333014725,0.1897259621925184,1,0,-11.82108883818006,-12.78271802187182,0.3822695909663529,12.33892646409698,12.18201673232471,1.0
OG0000116,92,0.01944176968674124,4.86044242168531e-06,0.01,3.887467868702052,0.99,0.1094389676243654,0.569377050321538,1,0,-7.652829107633548,-7.649012217012734,1.0,0.01944176968674124,3.887467868702052,1.0
OG0000116,93,0.000151010281132651,0.0,0.2493041992187495,9.995263786364964,0.7506958007812505,0.8745850010428988,0.3416936528990504,1,0,-12.5705279238337,-12.62342773723576,0.9484750322063968,0.0001617138133694318,8.045491837794044,1.0
OG0000116,94,14.4593059504742,5.396756829031744,0.8914689594705694,5.542401720653708,0.1085310405294306,0.0,0.6666666666666666,0,0,-11.05486631529371,-11.05450535553034,1.0,14.03603524002184,5.408805545401614,1.0
OG0000116,95,0.06090342830480146,0.03082846100405282,0.5217067106720259,13.85075948181336,0.4782932893279741,0.4048386332596579,0.4568561436779737,1,0,-8.144128276567308,-8.270064966922432,0.881670663266976,0.06341861735875594,8.265243710663142,1.0
OG0000116,96,17.37812132371834,3.474488282047542e-06,1.0,0.9704736993585799,0.0,0.0,0.6666666666666666,0,0,-5.265264766748689,-5.265266897257606,0.9999978694933517,17.41325179661484,3.690603001008066e-06,1.0
OG0000116,97,0.01949817859580222,4.874544648950556e-06,0.01,5.189965175727291,0.99,0.2757413435625207,0.49929601646907,1,0,-6.538691531232274,-6.535210040697944,1.0,0.01949817859580222,5.189965175727291,1.0
OG0000116,98,6.769167933181414,0.0003775833971746868,0.715100880184739,31.35833241927671,0.2848991198152609,0.238471325059372,0.513046538148503,1,0,-11.11173442084882,-11.40477305524127,0.7459933191286168,12.39106358125584,10.70375169460921,1.0
OG0000116,99,0.0002376951050260508,0.0001233043357322638,0.5187499999999998,10.34792798112422,0.4812500000000002,1.463729992708274,0.2442719967123165,1,0,-10.35290801534842,-10.45730029477173,0.900871834608732,0.0002568861320337111,6.465252743711142,1.0
OG0000116,100,0.0169473028251784,4.236825706294599e-06,0.01,3.787041191368428,0.99,0.2585425572921842,0.505539998371956,1,0,-7.1411222901404,-7.136966221965021,1.0,0.0169473028251784,3.787041191368428,1.0
OG0000116,101,0.01955510684912948,4.888776712282369e-06,0.01,5.362266490754299,0.99,0.2794402443819965,0.4979744145407407,1,0,-6.380144886994379,-6.376875856799469,1.0,0.01955510684912948,5.362266490754299,1.0
OG0000116,102,0.03921746632021831,0.0,0.8057937725988719,47.16470732996159,0.1942062274011281,1.363335136855078,0.2583381477959875,1,0,-11.34103905163738,-12.00030766328753,0.5172294917843328,8.017094076788027,12.18016652373249,1.0
OG0000116,103,0.02415636289298754,0.0129904641798059,0.5910495428722344,18.05467475879739,0.4089504571277656,1.430691090498147,0.248803976685964,1,0,-8.12219860091533,-8.339829952190508,0.8044219361228585,0.06396037289452733,9.709666272502051,1.0
OG0000116,104,0.001029184570271307,2.572961425678267e-07,0.01,3.170507144493774,0.99,0.4010922524103311,0.4579950863394306,1,0,-7.316774383597777,-7.313746274301812,1.0,0.001029184570271307,3.170507144493774,1.0
OG0000116,105,0.06402221940424745,0.0,0.2453567639792439,11.66830759465705,0.7546432360207561,0.7574698517633855,0.3663030467388477,1,0,-8.782132246361344,-8.839995943766112,0.9437785781368528,0.06396037289452733,9.709666272502051,1.0
OG0000116,106,0.0,0.0,1.0,0.0,0.0,0.0,1.0,0,0,0.0,0.0,1.0,0.0,0.0,1.0
OG0000116,107,0.0,0.0,1.0,0.0,0.0,0.0,1.0,0,0,0.0,0.0,1.0,0.0,0.0,1.0
OG0000116,108,0.0,0.0,1.0,0.0,0.0,0.0,1.0,0,0,0.0,0.0,1.0,0.0,0.0,1.0
OG0000116,109,0.05552546151633376,0.02654566039005379,0.9055627838938483,19072.55051563026,0.09443721610615174,13.82270210779198,0.00042561882133485,2,0,-15.89706308209536,-21.76792197035075,0.002820449842312223,0.08704212690442983,29.15422880281281,0.03639040922412968
OG0000116,110,0.0,0.0,1.0,0.0,0.0,0.0,1.0,0,0,0.0,0.0,1.0,0.0,0.0,1.0
OG0000116,111,0.0,0.0,1.0,0.0,0.0,0.0,1.0,0,0,0.0,0.0,1.0,0.0,0.0,1.0
OG0000116,112,67.35477586380381,0.003079943542207422,1.0,0.2753063014125718,0.0,0.0,0.6666666666666666,0,0,-6.463016060443936,-6.462835540101509,1.0,66.4306346461689,0.002519514251817298,1.0
OG0000116,113,0.0,0.0,1.0,0.0,0.0,0.0,1.0,0,0,0.0,0.0,1.0,0.0,0.0,1.0
OG0000116,114,16.59887923470038,3.65465602790185e-05,1.0,0.4160438718583613,0.0,0.0,0.6666666666666666,0,0,-10.80216625233831,-10.80217055677682,0.9999956955707551,16.55616322348331,3.808623145839896e-05,1.0
OG0000116,115,12.45587884083115,2.456381694422359e-05,1.0,0.4315631998031256,0.0,0.0,0.6666666666666666,0,0,-8.428951904794921,-8.428951050170529,1.0,12.4149874840542,2.509315193932967e-05,1.0
OG0000116,116,0.0,0.0,1.0,0.0,0.0,0.0,1.0,0,0,0.0,0.0,1.0,0.0,0.0,1.0
OG0000116,117,0.0,0.0,1.0,0.0,0.0,0.0,1.0,0,0,0.0,0.0,1.0,0.0,0.0,1.0
OG0000116,118,0.0,0.0,1.0,0.0,0.0,0.0,1.0,0,0,0.0,0.0,1.0,0.0,0.0,1.0
OG0000116,119,0.0,0.0,1.0,0.0,0.0,0.0,1.0,0,0,0.0,0.0,1.0,0.0,0.0,1.0
OG0000116,120,18.28982880708095,3.690511873870179e-05,1.0,0.4765643938622911,0.0,0.0,0.6666666666666666,0,0,-10.26525513221931,-10.26525943540993,0.9999956968186369,18.3184066563102,3.877162199653446e-05,1.0
OG0000116,121,0.0,0.0,1.0,0.0,0.0,0.0,1.0,0,0,0.0,0.0,1.0,0.0,0.0,1.0
OG0000116,122,0.0,0.0,1.0,0.0,0.0,0.0,1.0,0,0,0.0,0.0,1.0,0.0,0.0,1.0
OG0000116,123,0.0,0.0,1.0,0.0,0.0,0.0,1.0,0,0,0.0,0.0,1.0,0.0,0.0,1.0
OG0000116,124,0.0,0.0,1.0,0.0,0.0,0.0,1.0,0,0,0.0,0.0,1.0,0.0,0.0,1.0
OG0000116,125,0.0,0.0,1.0,0.0,0.0,0.0,1.0,0,0,0.0,0.0,1.0,0.0,0.0,1.0
OG0000116,126,0.0,0.0,1.0,0.0,0.0,0.0,1.0,0,0,0.0,0.0,1.0,0.0,0.0,1.0
OG0000116,127,0.0,0.0,1.0,0.0,0.0,0.0,1.0,0,0,0.0,0.0,1.0,0.0,0.0,1.0
OG0000116,128,0.0,0.0,1.0,0.0,0.0,0.0,1.0,0,0,0.0,0.0,1.0,0.0,0.0,1.0
OG0000116,129,0.0,0.0,1.0,0.0,0.0,0.0,1.0,0,0,0.0,0.0,1.0,0.0,0.0,1.0
OG0000116,130,0.0,0.0,1.0,0.0,0.0,0.0,1.0,0,0,0.0,0.0,1.0,0.0,0.0,1.0
OG0000116,131,0.0,0.0,1.0,0.0,0.0,0.0,1.0,0,0,0.0,0.0,1.0,0.0,0.0,1.0
OG0000116,132,0.0,0.0,1.0,0.0,0.0,0.0,1.0,0,0,0.0,0.0,1.0,0.0,0.0,1.0
OG0000116,133,0.0,0.0,1.0,0.0,0.0,0.0,1.0,0,0,0.0,0.0,1.0,0.0,0.0,1.0
OG0000116,134,0.0,0.0,1.0,0.0,0.0,0.0,1.0,0,0,0.0,0.0,1.0,0.0,0.0,1.0
OG0000116,135,0.0,0.0,1.0,0.0,0.0,0.0,1.0,0,0,0.0,0.0,1.0,0.0,0.0,1.0
OG0000116,136,0.0,0.0,1.0,0.0,0.0,0.0,1.0,0,0,0.0,0.0,1.0,0.0,0.0,1.0
OG0000116,137,0.0,0.0,1.0,0.0,0.0,0.0,1.0,0,0,0.0,0.0,1.0,0.0,0.0,1.0
OG0000116,138,0.0,0.0,1.0,0.0,0.0,0.0,1.0,0,0,0.0,0.0,1.0,0.0,0.0,1.0
OG0000116,139,0.01694221263729236,4.23555315932309e-06,0.01,5.116180299381727,0.99,0.2545836579433178,0.5070012266083923,1,0,-7.65800389207043,-7.657655413694369,1.0,0.01694221263729236,5.116180299381727,1.0
OG0000116,140,0.0,0.0,1.0,0.0,0.0,0.0,1.0,0,0,0.0,0.0,1.0,0.0,0.0,1.0
OG0000116,141,0.01075104580244259,0.005375522901221295,0.8,33.80882869952323,0.2,0.7438563822865873,0.3693098740199866,1,0,-8.598187986297587,-8.831972701507425,0.7915322023873793,0.01075104580244259,4.226103587440403,1.0
OG0000116,142,0.0,0.0,1.0,0.0,0.0,0.0,1.0,0,0,0.0,0.0,1.0,0.0,0.0,1.0
OG0000116,143,92.26107228380036,0.002334066106705292,1.0,0.2625379105366442,0.0,0.0,0.6666666666666666,0,0,-10.40780292425613,-10.40777871653731,1.0,93.32539610095313,0.002384592773516025,1.0
OG0000116,144,153.5601527866299,4.143386300478319,0.9512179930495863,2.358962282250916,0.04878200695041368,0.0,0.6666666666666666,0,0,-13.63764434314439,-13.63626738726937,1.0,159.6534852420024,3.988824736491804,1.0
OG0000116,145,0.0,0.0,1.0,0.0,0.0,0.0,1.0,0,0,0.0,0.0,1.0,0.0,0.0,1.0
OG0000116,146,0.0,0.0,1.0,0.0,0.0,0.0,1.0,0,0,0.0,0.0,1.0,0.0,0.0,1.0
OG0000116,147,15.55010468243401,6.284740802370924e-05,1.0,0.4085654005234116,0.0,0.0,0.6666666666666666,0,0,-8.876797797472234,-8.876799804563094,0.9999979929111543,15.51111729953033,6.549945652589709e-05,1.0
OG0000116,148,7.018600778781817,6.651895704584664e-06,1.0,0.6502721723711595,0.0,0.0,0.6666666666666666,0,0,-7.341792566540579,-7.341788147965495,1.0,7.013895483532593,6.899167191690421e-06,1.0
OG0000116,149,0.0,0.0,1.0,0.0,0.0,0.0,1.0,0,0,0.0,0.0,1.0,0.0,0.0,1.0
OG0000116,150,0.0,0.0,1.0,0.0,0.0,0.0,1.0,0,0,0.0,0.0,1.0,0.0,0.0,1.0
OG0000116,151,0.0,0.0,1.0,0.0,0.0,0.0,1.0,0,0,0.0,0.0,1.0,0.0,0.0,1.0
OG0000116,152,0.0,0.0,1.0,0.0,0.0,0.0,1.0,0,0,0.0,0.0,1.0,0.0,0.0,1.0
OG0000116,153,18.75062085907234,0.0001595781236164964,1.0,0.2313135246937093,0.0,0.0,0.6666666666666666,0,0,-14.31863182451397,-14.31863248732437,0.999999337189821,18.75470086993383,0.0001583026103388627,1.0
OG0000116,154,22.61140542867793,0.005529698531041095,1.0,0.5171250424043196,0.0,0.0,0.6666666666666666,0,0,-13.9316840637069,-13.93193707815946,0.9997470175528904,22.29516482044793,0.005688336625051619,1.0
OG0000116,155,0.0,0.0,1.0,0.0,0.0,0.0,1.0,0,0,0.0,0.0,1.0,0.0,0.0,1.0
OG0000116,156,0.0,0.0,1.0,0.0,0.0,0.0,1.0,0,0,0.0,0.0,1.0,0.0,0.0,1.0
OG0000116,157,25.04125935088008,0.0001370295703333366,1.0,1.00087590091167,0.0,0.0,0.6666666666666666,0,0,-8.3617353305395,-8.361664579934077,1.0,24.32720842563791,0.0001418632604967651,1.0
OG0000116,158,4.66912008561089,0.05097125123943851,1.0,0.21890936769983,0.0,0.0,0.6666666666666666,0,0,-8.769681168882634,-8.77050088500404,0.9991806197540312,4.598148585490482,0.05602678596337999,1.0
OG0000116,159,0.0,0.0,1.0,0.0,0.0,0.0,1.0,0,0,0.0,0.0,1.0,0.0,0.0,1.0
OG0000116,160,23.10465124930336,0.00572846833984166,1.0,0.9936068122200833,0.0,0.0,0.6666666666666666,0,0,-8.602056333526551,-8.602095999772512,0.9999603345407323,23.08001168805996,0.005939058630209841,1.0
OG0000116,161,0.00103813703654486,0.0,0.9487417455548577,1731.21918270573,0.05125825444514231,16.79797793552776,9.500803024664606e-05,1,0,-14.78318624736731,-23.00730914789212,0.0002681074029463604,13.73173569663194,5.917282276429244,0.016246373172176476
OG0000116,162,0.0,0.0,1.0,0.0,0.0,0.0,1.0,0,0,0.0,0.0,1.0,0.0,0.0,1.0
OG0000116,163,0.0,0.0,1.0,0.0,0.0,0.0,1.0,0,0,0.0,0.0,1.0,0.0,0.0,1.0
OG0000116,164,0.0,0.0,1.0,0.0,0.0,0.0,1.0,0,0,0.0,0.0,1.0,0.0,0.0,1.0
OG0000116,165,0.0,0.0,1.0,0.0,0.0,0.0,1.0,0,0,0.0,0.0,1.0,0.0,0.0,1.0
OG0000116,166,0.0,0.0,1.0,0.0,0.0,0.0,1.0,0,0,0.0,0.0,1.0,0.0,0.0,1.0
OG0000116,167,0.0,0.0,1.0,0.0,0.0,0.0,1.0,0,0,0.0,0.0,1.0,0.0,0.0,1.0
OG0000116,168,0.0,0.0,1.0,0.0,0.0,0.0,1.0,0,0,0.0,0.0,1.0,0.0,0.0,1.0
OG0000116,169,0.0,0.0,1.0,0.0,0.0,0.0,1.0,0,0,0.0,0.0,1.0,0.0,0.0,1.0
OG0000116,170,0.0,0.0,1.0,0.0,0.0,0.0,1.0,0,0,0.0,0.0,1.0,0.0,0.0,1.0
OG0000116,171,0.0,0.0,1.0,0.0,0.0,0.0,1.0,0,0,0.0,0.0,1.0,0.0,0.0,1.0
OG0000120,1,0.0,0.0,1.0,0.0,0.0,0.0,1.0,0,0,0.0,0.0,1.0,0.0,0.0,1.0
OG0000120,2,0.0,0.0,1.0,0.0,0.0,0.0,1.0,0,0,0.0,0.0,1.0,0.0,0.0,1.0
OG0000120,3,0.0,0.0,1.0,0.0,0.0,0.0,1.0,0,0,0.0,0.0,1.0,0.0,0.0,1.0
OG0000120,4,0.0,0.0,1.0,0.0,0.0,0.0,1.0,0,0,0.0,0.0,1.0,0.0,0.0,1.0
OG0000120,5,0.0,0.0,1.0,0.0,0.0,0.0,1.0,0,0,0.0,0.0,1.0,0.0,0.0,1.0
OG0000120,6,0.0003352933528939184,8.382333822347959e-08,0.01,12.12063532513596,0.99,0.306567955579423,0.4884963947232011,0,0,-6.884166608587734,-6.88270688406607,1.0,0.0003352933528939182,12.12063532513596,1.0
OG0000120,7,0.0,0.0,1.0,0.0,0.0,0.0,1.0,0,0,0.0,0.0,1.0,0.0,0.0,1.0
OG0000120,8,0.0,0.0,1.0,0.0,0.0,0.0,1.0,0,0,0.0,0.0,1.0,0.0,0.0,1.0
OG0000120,9,0.0,0.0,1.0,0.0,0.0,0.0,1.0,0,0,0.0,0.0,1.0,0.0,0.0,1.0
OG0000120,10,0.0,0.0,1.0,0.0,0.0,0.0,1.0,0,0,0.0,0.0,1.0,0.0,0.0,1.0
OG0000120,11,0.0,0.0,1.0,0.0,0.0,0.0,1.0,0,0,0.0,0.0,1.0,0.0,0.0,1.0
OG0000120,12,0.0,0.0,1.0,0.0,0.0,0.0,1.0,0,0,0.0,0.0,1.0,0.0,0.0,1.0
OG0000120,13,0.0,0.0,1.0,0.0,0.0,0.0,1.0,0,0,0.0,0.0,1.0,0.0,0.0,1.0
OG0000120,14,0.0,0.0,1.0,0.0,0.0,0.0,1.0,0,0,0.0,0.0,1.0,0.0,0.0,1.0
OG0000120,15,0.0,0.0,1.0,0.0,0.0,0.0,1.0,0,0,0.0,0.0,1.0,0.0,0.0,1.0
OG0000120,16,0.0,0.0,1.0,0.0,0.0,0.0,1.0,0,0,0.0,0.0,1.0,0.0,0.0,1.0
OG0000120,17,0.0,0.0,1.0,0.0,0.0,0.0,1.0,0,0,0.0,0.0,1.0,0.0,0.0,1.0
OG0000120,18,0.0,0.0,1.0,0.0,0.0,0.0,1.0,0,0,0.0,0.0,1.0,0.0,0.0,1.0
OG0000120,19,0.0,0.0,1.0,0.0,0.0,0.0,1.0,0,0,0.0,0.0,1.0,0.0,0.0,1.0
OG0000120,20,0.0,0.0,1.0,0.0,0.0,0.0,1.0,0,0,0.0,0.0,1.0,0.0,0.0,1.0
OG0000120,21,0.0,0.0,1.0,0.0,0.0,0.0,1.0,0,0,0.0,0.0,1.0,0.0,0.0,1.0
OG0000120,22,0.0,0.0,1.0,0.0,0.0,0.0,1.0,0,0,0.0,0.0,1.0,0.0,0.0,1.0
OG0000120,23,0.0,0.0,1.0,0.0,0.0,0.0,1.0,0,0,0.0,0.0,1.0,0.0,0.0,1.0
OG0000120,24,0.0,0.0,1.0,0.0,0.0,0.0,1.0,0,0,0.0,0.0,1.0,0.0,0.0,1.0
OG0000120,25,0.0,0.0,1.0,0.0,0.0,0.0,1.0,0,0,0.0,0.0,1.0,0.0,0.0,1.0
OG0000120,26,0.0,0.0,1.0,0.0,0.0,0.0,1.0,0,0,0.0,0.0,1.0,0.0,0.0,1.0
OG0000120,27,0.0,0.0,1.0,0.0,0.0,0.0,1.0,0,0,0.0,0.0,1.0,0.0,0.0,1.0
OG0000120,28,0.02228363667198175,0.009895874891478513,0.9291722464489274,428.643056711547,0.07082775355107263,2.805091421684672,0.1183786455876831,1,0,-10.87228889304,-11.89846618662711,0.3583743051468271,0.02473153089916737,4.951388884643279,1.0
OG0000120,29,0.0,0.0,1.0,0.0,0.0,0.0,1.0,0,0,0.0,0.0,1.0,0.0,0.0,1.0
OG0000120,30,0.0,0.0,1.0,0.0,0.0,0.0,1.0,0,0,0.0,0.0,1.0,0.0,0.0,1.0
OG0000120,31,0.0,0.0,1.0,0.0,0.0,0.0,1.0,0,0,0.0,0.0,1.0,0.0,0.0,1.0
OG0000120,32,0.0,0.0,1.0,0.0,0.0,0.0,1.0,0,0,0.0,0.0,1.0,0.0,0.0,1.0
OG0000120,33,0.0009921068767607623,0.0005687930558977719,0.6029001359212443,40.27777759063347,0.3970998640787557,2.625035256401787,0.1302423054678301,3,0,-19.56884737956571,-20.22116867039406,0.520835362068288,0.00188250078296829,9.410190855092162,1.0
OG0000120,34,0.0,0.0,1.0,0.0,0.0,0.0,1.0,0,0,0.0,0.0,1.0,0.0,0.0,1.0
OG0000120,35,0.0,0.0,1.0,0.0,0.0,0.0,1.0,0,0,0.0,0.0,1.0,0.0,0.0,1.0
OG0000120,36,0.006221276202915398,0.002695306544215213,0.9308066830371913,715.517146808619,0.06919331696280873,3.494821002727097,0.08235064063443065,1,0,-8.910223605069636,-10.37827745559418,0.2303733902128478,0.005522290628816409,4.732248172392792,1.0
OG0000120,37,0.0,0.0,1.0,0.0,0.0,0.0,1.0,0,0,0.0,0.0,1.0,0.0,0.0,1.0
OG0000120,38,0.0,0.0,1.0,0.0,0.0,0.0,1.0,0,0,0.0,0.0,1.0,0.0,0.0,1.0
OG0000120,39,0.0,0.0,1.0,0.0,0.0,0.0,1.0,0,0,0.0,0.0,1.0,0.0,0.0,1.0
OG0000120,40,0.0,0.0,1.0,0.0,0.0,0.0,1.0,0,0,0.0,0.0,1.0,0.0,0.0,1.0
OG0000120,41,0.0,0.0,1.0,0.0,0.0,0.0,1.0,0,0,0.0,0.0,1.0,0.0,0.0,1.0
OG0000120,42,0.0001494484661405433,0.0001030272221549996,1.0,0.01960643192799649,0.0,0.0,0.6666666666666666,0,0,-4.537548533935293,-4.537506245448503,1.0,0.0001428812617674194,3.96845827811385e-06,1.0
OG0000120,43,0.003746313402706005,0.002002143261408993,0.551316540797111,65.03718243570515,0.448683459202889,5.707818730133589,0.02619368401854405,2,0,-18.81602842880122,-19.08447958647644,0.7645627649085437,0.004496425808974575,19.63907536435298,1.0
OG0000120,44,0.0,0.0,1.0,0.0,0.0,0.0,1.0,0,0,0.0,0.0,1.0,0.0,0.0,1.0
OG0000120,45,5.394025553991604,4.943226829990801e-05,1.0,0.3197472374311602,0.0,0.0,0.6666666666666666,0,0,-8.364340693932562,-8.364337853305335,1.0,5.381027126734461,5.054173826233756e-05,1.0
OG0000120,46,0.0,0.0,1.0,0.0,0.0,0.0,1.0,0,0,0.0,0.0,1.0,0.0,0.0,1.0
OG0000120,47,0.0,0.0,1.0,0.0,0.0,0.0,1.0,0,0,0.0,0.0,1.0,0.0,0.0,1.0
OG0000120,48,0.0,0.0,1.0,0.0,0.0,0.0,1.0,0,0,0.0,0.0,1.0,0.0,0.0,1.0
OG0000120,49,0.0,0.0,1.0,0.0,0.0,0.0,1.0,0,0,0.0,0.0,1.0,0.0,0.0,1.0
OG0000120,50,0.0,0.0,1.0,0.0,0.0,0.0,1.0,0,0,0.0,0.0,1.0,0.0,0.0,1.0
OG0000120,51,0.0,0.0,1.0,0.0,0.0,0.0,1.0,0,0,0.0,0.0,1.0,0.0,0.0,1.0
OG0000120,52,0.0,0.0,1.0,0.0,0.0,0.0,1.0,0,0,0.0,0.0,1.0,0.0,0.0,1.0
OG0000120,53,0.0,0.0,1.0,0.0,0.0,0.0,1.0,0,0,0.0,0.0,1.0,0.0,0.0,1.0
OG0000120,54,0.0,0.0,1.0,0.0,0.0,0.0,1.0,0,0,0.0,0.0,1.0,0.0,0.0,1.0
OG0000120,55,0.0,0.0,1.0,0.0,0.0,0.0,1.0,0,0,0.0,0.0,1.0,0.0,0.0,1.0
OG0000120,56,15.02927817922573,9.157734519332742e-05,1.0,0.8685821646808637,0.0,0.0,0.6666666666666666,0,0,-8.572183248081421,-8.572177019268556,1.0,15.01581563319742,9.496013911310484e-05,1.0
OG0000120,57,0.001507776527278782,0.0006961225046801106,0.9325121453056219,541.210117679878,0.06748785469437812,3.577654467625194,0.0788591012410732,1,0,-9.364271205414314,-10.90280372292867,0.2146959328460869,0.002194957298689378,3.118964018320182,1.0
OG0000120,58,15.02927817922573,9.157734519332742e-05,1.0,0.8685821646808637,0.0,0.0,0.6666666666666666,0,0,-7.414759226668938,-7.414752617276542,1.0,15.01581563319742,9.496013911310484e-05,1.0
OG0000120,59,0.0,0.0,1.0,0.0,0.0,0.0,1.0,0,0,0.0,0.0,1.0,0.0,0.0,1.0
OG0000120,60,0.08092976193605357,2.702927595911164e-05,0.01004296874999999,3.15521306978766,0.98995703125,0.2692083484280481,0.5016483279356714,0,0,-9.207131461475665,-9.21005581193676,0.9970799212865192,0.08683851363531511,2.922555829681067,1.0
OG0000120,61,49.08194942950083,0.0004550543961550607,1.0,1.272365970921803,0.0,0.0,0.6666666666666666,0,0,-6.777888820275033,-6.778018390092241,0.9998704385765916,48.632937743413,0.0004783341756849272,1.0
OG0000120,62,5.88028859264015e-05,3.013647903728077e-05,0.475,35.21445357381459,0.525,3.360831620791288,0.08833801861443658,2,0,-18.92582987929671,-19.36060710855575,0.6474088747512212,5.594850310632259e-05,12.78888057750114,1.0
OG0000120,63,0.0,0.0,1.0,0.0,0.0,0.0,1.0,0,0,0.0,0.0,1.0,0.0,0.0,1.0
OG0000120,64,0.0,0.0,1.0,0.0,0.0,0.0,1.0,0,0,0.0,0.0,1.0,0.0,0.0,1.0
OG0000120,65,4.528784776886134e-06,0.0,0.735,6.121358715519732e-06,0.265,-8.440656706909522e-07,0.6666666666666666,0,0,-5.119517963681339,-5.119519742938883,0.9999982207440388,4.528784776886134e-06,6.121358715519735e-06,1.0
OG0000120,66,0.0,0.0,1.0,0.0,0.0,0.0,1.0,0,0,0.0,0.0,1.0,0.0,0.0,1.0
OG0000120,67,0.0,0.0,1.0,0.0,0.0,0.0,1.0,0,0,0.0,0.0,1.0,0.0,0.0,1.0
OG0000120,68,0.0,0.0,1.0,0.0,0.0,0.0,1.0,0,0,0.0,0.0,1.0,0.0,0.0,1.0
OG0000120,69,10.03770722160555,0.0001592454931516308,1.0,0.4077149310484999,0.0,0.0,0.6666666666666666,0,0,-9.360828700444149,-9.36087963064115,0.9999490710999158,9.935735227561988,0.0001644497962310578,1.0
OG0000120,70,0.0,0.0,1.0,0.0,0.0,0.0,1.0,0,0,0.0,0.0,1.0,0.0,0.0,1.0
OG0000120,71,0.0,0.0,1.0,0.0,0.0,0.0,1.0,0,0,0.0,0.0,1.0,0.0,0.0,1.0
OG0000120,72,0.0,0.0,1.0,0.0,0.0,0.0,1.0,0,0,0.0,0.0,1.0,0.0,0.0,1.0
OG0000120,73,0.0,0.0,1.0,0.0,0.0,0.0,1.0,0,0,0.0,0.0,1.0,0.0,0.0,1.0
OG0000120,74,0.0,0.0,1.0,0.0,0.0,0.0,1.0,0,0,0.0,0.0,1.0,0.0,0.0,1.0
OG0000120,75,0.0,0.0,1.0,0.0,0.0,0.0,1.0,0,0,0.0,0.0,1.0,0.0,0.0,1.0
OG0000120,76,0.0,0.0,1.0,0.0,0.0,0.0,1.0,0,0,0.0,0.0,1.0,0.0,0.0,1.0
OG0000120,77,0.0,0.0,1.0,0.0,0.0,0.0,1.0,0,0,0.0,0.0,1.0,0.0,0.0,1.0
OG0000120,78,0.0,0.0,1.0,0.0,0.0,0.0,1.0,0,0,0.0,0.0,1.0,0.0,0.0,1.0
OG0000120,79,0.0,0.0,1.0,0.0,0.0,0.0,1.0,0,0,0.0,0.0,1.0,0.0,0.0,1.0
OG0000120,80,4.30822108805738,4.194927965788297e-05,1.0,0.2908865073614367,0.0,0.0,0.6666666666666666,0,0,-11.66953379538587,-11.66953267023346,1.0,4.298609347134897,4.289848523041734e-05,1.0
OG0000120,81,0.0,0.0,1.0,0.0,0.0,0.0,1.0,0,0,0.0,0.0,1.0,0.0,0.0,1.0
OG0000120,82,15.50047339299785,4.587856333249821e-05,1.0,0.877594918555542,0.0,0.0,0.6666666666666666,0,0,-8.90848950019778,-8.90848527483511,1.0,15.48641720053452,4.757275373464982e-05,1.0
OG0000120,83,0.0,0.0,1.0,0.0,0.0,0.0,1.0,0,0,0.0,0.0,1.0,0.0,0.0,1.0
OG0000120,84,0.0,0.0,1.0,0.0,0.0,0.0,1.0,0,0,0.0,0.0,1.0,0.0,0.0,1.0
OG0000120,85,123.006298864352,4.515524053347916e-05,1.0,1.083650279950806,0.0,0.0,0.6666666666666666,0,0,-15.80641230148798,-15.80639219827791,1.0,123.3531572244698,4.575827671649082e-05,1.0
OG0000120,86,0.0,0.0,1.0,0.0,0.0,0.0,1.0,0,0,0.0,0.0,1.0,0.0,0.0,1.0
OG0000120,87,0.0,0.0,1.0,0.0,0.0,0.0,1.0,0,0,0.0,0.0,1.0,0.0,0.0,1.0
OG0000120,88,0.0,0.0,1.0,0.0,0.0,0.0,1.0,0,0,0.0,0.0,1.0,0.0,0.0,1.0
OG0000120,89,0.0,0.0,1.0,0.0,0.0,0.0,1.0,0,0,0.0,0.0,1.0,0.0,0.0,1.0
OG0000120,90,0.0,0.0,1.0,0.0,0.0,0.0,1.0,0,0,0.0,0.0,1.0,0.0,0.0,1.0
OG0000120,91,0.0,0.0,1.0,0.0,0.0,0.0,1.0,0,0,0.0,0.0,1.0,0.0,0.0,1.0
OG0000120,92,0.0,0.0,1.0,0.0,0.0,0.0,1.0,0,0,0.0,0.0,1.0,0.0,0.0,1.0
OG0000120,93,0.0,0.0,1.0,0.0,0.0,0.0,1.0,0,0,0.0,0.0,1.0,0.0,0.0,1.0
OG0000120,94,0.0,0.0,1.0,0.0,0.0,0.0,1.0,0,0,0.0,0.0,1.0,0.0,0.0,1.0
OG0000120,95,0.0,0.0,1.0,0.0,0.0,0.0,1.0,0,0,0.0,0.0,1.0,0.0,0.0,1.0
OG0000120,96,0.0,0.0,1.0,0.0,0.0,0.0,1.0,0,0,0.0,0.0,1.0,0.0,0.0,1.0
OG0000120,97,0.0,0.0,1.0,0.0,0.0,0.0,1.0,0,0,0.0,0.0,1.0,0.0,0.0,1.0
OG0000120,98,0.0,0.0,1.0,0.0,0.0,0.0,1.0,0,0,0.0,0.0,1.0,0.0,0.0,1.0
OG0000120,99,0.0,0.0,1.0,0.0,0.0,0.0,1.0,0,0,0.0,0.0,1.0,0.0,0.0,1.0
OG0000120,100,0.01232278596621299,0.0003582024684822994,1.0,0.01960643192799649,0.0,0.0,0.6666666666666666,0,0,-5.105308242200829,-5.105255580218079,1.0,0.01173036187229113,0.0003709640412000604,1.0
OG0000120,101,24.47163943844446,0.007545992943111955,1.0,1.029288756299331,0.0,0.0,0.6666666666666666,0,0,-6.218272595957411,-6.218491230603756,0.9997813892524565,25.97752099580424,0.007872841168185629,1.0
OG0000120,102,0.0,0.0,1.0,0.0,0.0,0.0,1.0,0,0,0.0,0.0,1.0,0.0,0.0,1.0
OG0000120,103,0.0,0.0,1.0,0.0,0.0,0.0,1.0,0,0,0.0,0.0,1.0,0.0,0.0,1.0
OG0000120,104,0.0,0.0,1.0,0.0,0.0,0.0,1.0,0,0,0.0,0.0,1.0,0.0,0.0,1.0
OG0000120,105,0.0,0.0,1.0,0.0,0.0,0.0,1.0,0,0,0.0,0.0,1.0,0.0,0.0,1.0
OG0000120,106,0.0,0.0,1.0,0.0,0.0,0.0,1.0,0,0,0.0,0.0,1.0,0.0,0.0,1.0
OG0000120,107,0.0,0.0,1.0,0.0,0.0,0.0,1.0,0,0,0.0,0.0,1.0,0.0,0.0,1.0
OG0000120,108,0.0,0.0,1.0,0.0,0.0,0.0,1.0,0,0,0.0,0.0,1.0,0.0,0.0,1.0
OG0000120,109,0.0,0.0,1.0,0.0,0.0,0.0,1.0,0,0,0.0,0.0,1.0,0.0,0.0,1.0
OG0000120,110,0.0,0.0,1.0,0.0,0.0,0.0,1.0,0,0,0.0,0.0,1.0,0.0,0.0,1.0
OG0000120,111,0.0,0.0,1.0,0.0,0.0,0.0,1.0,0,0,0.0,0.0,1.0,0.0,0.0,1.0
OG0000120,112,0.002259816739422491,0.001175690964291664,0.4814143657684321,46.11172515014373,0.5185856342315679,2.633857949881637,0.1296330558749033,2,0,-16.51578586928516,-16.85232295987112,0.7142393915124468,0.002392502588808334,17.95347715323044,1.0
OG0000120,113,0.0,0.0,1.0,0.0,0.0,0.0,1.0,0,0,0.0,0.0,1.0,0.0,0.0,1.0
OG0000120,114,0.0,0.0,1.0,0.0,0.0,0.0,1.0,0,0,0.0,0.0,1.0,0.0,0.0,1.0
OG0000120,115,0.0,0.0,1.0,0.0,0.0,0.0,1.0,0,0,0.0,0.0,1.0,0.0,0.0,1.0
OG0000120,116,0.0,0.0,1.0,0.0,0.0,0.0,1.0,0,0,0.0,0.0,1.0,0.0,0.0,1.0
OG0000120,117,0.0,0.0,1.0,0.0,0.0,0.0,1.0,0,0,0.0,0.0,1.0,0.0,0.0,1.0
OG0000120,118,0.0,0.0,1.0,0.0,0.0,0.0,1.0,0,0,0.0,0.0,1.0,0.0,0.0,1.0
OG0000120,119,0.005548148788934349,0.002936360841583184,0.4200859940802285,44.19573216051482,0.5799140059197715,1.208734296832191,0.2818289248704445,2,0,-19.88717620730433,-20.16637945995478,0.7563861500877841,0.005229751423100518,19.70435868861336,1.0
OG0000120,120,0.0,0.0,1.0,0.0,0.0,0.0,1.0,0,0,0.0,0.0,1.0,0.0,0.0,1.0
OG0000120,121,0.0,0.0,1.0,0.0,0.0,0.0,1.0,0,0,0.0,0.0,1.0,0.0,0.0,1.0
OG0000120,122,6.688765071058384e-05,3.340492430719802e-05,0.7532100843652361,22.66317475678413,0.2467899156347639,1.493160800225741,0.2403123687618862,1,0,-9.678542546519125,-9.813864814539048,0.8734343863503632,6.746976654498246e-05,3.734396469723487,1.0
OG0000120,123,0.0,0.0,1.0,0.0,0.0,0.0,1.0,0,0,0.0,0.0,1.0,0.0,0.0,1.0
OG0000120,124,0.0,0.0,1.0,0.0,0.0,0.0,1.0,0,0,0.0,0.0,1.0,0.0,0.0,1.0
OG0000120,125,0.0,0.0,1.0,0.0,0.0,0.0,1.0,0,0,0.0,0.0,1.0,0.0,0.0,1.0
OG0000120,126,0.0,0.0,1.0,0.0,0.0,0.0,1.0,0,0,0.0,0.0,1.0,0.0,0.0,1.0
OG0000120,127,0.0,0.0,1.0,0.0,0.0,0.0,1.0,0,0,0.0,0.0,1.0,0.0,0.0,1.0
OG0000120,128,0.0,0.0,1.0,0.0,0.0,0.0,1.0,0,0,0.0,0.0,1.0,0.0,0.0,1.0
OG0000120,129,0.0,0.0,1.0,0.0,0.0,0.0,1.0,0,0,0.0,0.0,1.0,0.0,0.0,1.0
OG0000120,130,0.0,0.0,1.0,0.0,0.0,0.0,1.0,0,0,0.0,0.0,1.0,0.0,0.0,1.0
OG0000120,131,0.0,0.0,1.0,0.0,0.0,0.0,1.0,0,0,0.0,0.0,1.0,0.0,0.0,1.0
OG0000120,132,47.97359259000151,0.004300194641135249,1.0,0.9369573554369448,0.0,0.0,0.6666666666666666,0,0,-6.474431968457529,-6.474381284204872,1.0,47.94135818128875,0.004084626978449016,1.0
OG0000120,133,0.0,0.0,1.0,0.0,0.0,0.0,1.0,0,0,0.0,0.0,1.0,0.0,0.0,1.0
OG0000120,134,4.611263068268837e-07,2.452915821378284e-07,0.7298151265478547,21.33166202890083,0.2701848734521453,0.3416721297696341,0.4767449297705506,1,0,-7.977157682515537,-8.071971299377235,0.9095424420411294,4.259519464742167e-07,4.051782643797734,1.0
OG0000120,135,0.0,0.0,1.0,0.0,0.0,0.0,1.0,0,0,0.0,0.0,1.0,0.0,0.0,1.0
OG0000120,136,0.0,0.0,1.0,0.0,0.0,0.0,1.0,0,0,0.0,0.0,1.0,0.0,0.0,1.0
OG0000120,137,8.204654346278238e-05,3.805022868222122e-05,0.9308194793377145,534.384935492607,0.06918052066228553,3.328606751510474,0.08984360740129194,1,0,-9.396845829395474,-10.7482150572312,0.2588855445253403,0.0001047070379587636,3.883164047320775,1.0
OG0000120,138,2.728889757388502e-05,5.11666829510344e-09,0.7262500000000001,8.31164142887481e-05,0.2737499999999999,-1.193215885564314e-05,0.6666666666666666,0,0,-4.783588040408128,-4.783612895721693,0.9999751449953248,2.534228632855015e-05,0.0001028210630090294,1.0
OG0000120,139,16.47444673372771,2.033776273581581e-06,1.0,0.3855748667842856,0.0,0.0,0.6666666666666666,0,0,-8.054456943406564,-8.05448606477132,0.9999708790592652,16.55912089502831,2.204512310995116e-06,1.0
OG0000120,140,5.843383494411468e-05,4.546882781588924e-05,0.8300000000000001,0.07611025458945146,0.1699999999999999,-0.005473067298868983,0.6666666666666666,0,0,-3.114030913758785,-3.111294162555589,1.0,5.425605638713987e-05,3.763027227530257e-05,1.0
OG0000120,141,11.11547497539734,0.0001558546863652215,1.0,0.4162426646767243,0.0,0.0,0.6666666666666666,0,0,-9.388406857150255,-9.388418231741355,0.9999886254735897,11.08055378898124,0.0001592358167069582,1.0
OG0000120,142,0.0,0.0,1.0,0.0,0.0,0.0,1.0,0,0,0.0,0.0,1.0,0.0,0.0,1.0
OG0000120,143,0.0,0.0,1.0,0.0,0.0,0.0,1.0,0,0,0.0,0.0,1.0,0.0,0.0,1.0
OG0000120,144,0.0,0.0,1.0,0.0,0.0,0.0,1.0,0,0,0.0,0.0,1.0,0.0,0.0,1.0
OG0000120,145,0.0,0.0,1.0,0.0,0.0,0.0,1.0,0,0,0.0,0.0,1.0,0.0,0.0,1.0
OG0000120,146,0.0,0.0,1.0,0.0,0.0,0.0,1.0,0,0,0.0,0.0,1.0,0.0,0.0,1.0
OG0000120,147,0.0,0.0,1.0,0.0,0.0,0.0,1.0,0,0,0.0,0.0,1.0,0.0,0.0,1.0
OG0000120,148,0.0,0.0,1.0,0.0,0.0,0.0,1.0,0,0,0.0,0.0,1.0,0.0,0.0,1.0
OG0000120,149,0.0,0.0,1.0,0.0,0.0,0.0,1.0,0,0,0.0,0.0,1.0,0.0,0.0,1.0
OG0000120,150,0.0,0.0,1.0,0.0,0.0,0.0,1.0,0,0,0.0,0.0,1.0,0.0,0.0,1.0
OG0000120,151,0.0001642391473467417,8.002982134402264e-05,0.6553186991246183,16.19428254118416,0.3446813008753817,0.7975880195316201,0.3576252563656013,1,0,-8.194094395450781,-8.278327631486968,0.9192168365953564,0.0003729224993052398,3.933914168634094,1.0
OG0000120,152,0.0,0.0,1.0,0.0,0.0,0.0,1.0,0,0,0.0,0.0,1.0,0.0,0.0,1.0
OG0000120,153,0.0,0.0,1.0,0.0,0.0,0.0,1.0,0,0,0.0,0.0,1.0,0.0,0.0,1.0
OG0000120,154,0.0,0.0,1.0,0.0,0.0,0.0,1.0,0,0,0.0,0.0,1.0,0.0,0.0,1.0
OG0000120,155,0.0,0.0,1.0,0.0,0.0,0.0,1.0,0,0,0.0,0.0,1.0,0.0,0.0,1.0
OG0000120,156,0.0,0.0,1.0,0.0,0.0,0.0,1.0,0,0,0.0,0.0,1.0,0.0,0.0,1.0
OG0000120,157,0.0,0.0,1.0,0.0,0.0,0.0,1.0,0,0,0.0,0.0,1.0,0.0,0.0,1.0
OG0000120,158,0.0,0.0,1.0,0.0,0.0,0.0,1.0,0,0,0.0,0.0,1.0,0.0,0.0,1.0
OG0000120,159,0.0,0.0,1.0,0.0,0.0,0.0,1.0,0,0,0.0,0.0,1.0,0.0,0.0,1.0
OG0000120,160,0.0,0.0,1.0,0.0,0.0,0.0,1.0,0,0,0.0,0.0,1.0,0.0,0.0,1.0
OG0000120,161,0.0,0.0,1.0,0.0,0.0,0.0,1.0,0,0,0.0,0.0,1.0,0.0,0.0,1.0
OG0000120,162,0.0,0.0,1.0,0.0,0.0,0.0,1.0,0,0,0.0,0.0,1.0,0.0,0.0,1.0
OG0000120,163,0.0,0.0,1.0,0.0,0.0,0.0,1.0,0,0,0.0,0.0,1.0,0.0,0.0,1.0
OG0000120,164,0.0,0.0,1.0,0.0,0.0,0.0,1.0,0,0,0.0,0.0,1.0,0.0,0.0,1.0
OG0000120,165,0.0,0.0,1.0,0.0,0.0,0.0,1.0,0,0,0.0,0.0,1.0,0.0,0.0,1.0
OG0000120,166,0.0,0.0,1.0,0.0,0.0,0.0,1.0,0,0,0.0,0.0,1.0,0.0,0.0,1.0
OG0000120,167,0.0,0.0,1.0,0.0,0.0,0.0,1.0,0,0,0.0,0.0,1.0,0.0,0.0,1.0
OG0000120,168,0.0,0.0,1.0,0.0,0.0,0.0,1.0,0,0,0.0,0.0,1.0,0.0,0.0,1.0
OG0000120,169,0.0,0.0,1.0,0.0,0.0,0.0,1.0,0,0,0.0,0.0,1.0,0.0,0.0,1.0
OG0000120,170,0.0,0.0,1.0,0.0,0.0,0.0,1.0,0,0,0.0,0.0,1.0,0.0,0.0,1.0
OG0000120,171,0.0,0.0,1.0,0.0,0.0,0.0,1.0,0,0,0.0,0.0,1.0,0.0,0.0,1.0
OG0000120,172,0.003957744691314015,0.001950129905401607,0.8907132612490641,92.4771578956711,0.1092867387509359,4.729507282259927,0.04335137777247022,1,0,-9.856909037253617,-11.89399330070223,0.1304083936086486,0.00404701282584018,7.609595833316382,1.0
OG0000120,173,0.001247040713495321,0.0006338108122979125,0.650849474102839,16.29835895116742,0.349150525897161,0.4554354144242794,0.4419241452189064,0,0,-7.712944938714551,-7.85824124606857,0.8647660186067577,0.002500149512167441,3.698449408619875,1.0
OG0000120,174,25.4909671359067,9.853154790284533,0.9084196088348889,11.07033280724785,0.09158039116511107,0.0,0.6666666666666666,0,0,-15.19008346431857,-15.18899372894221,1.0,24.58256606239214,10.06145531229271,1.0
OG0000120,175,14.77209618003547,3.12404710150827,0.877796954629593,3.070463604542644,0.122203045370407,0.0,0.6666666666666666,0,0,-10.27439578612527,-10.27332874309351,1.0,14.30220983494513,3.00749219515803,1.0
OG0000120,176,9.989595487471803,0.0,0.01,14.04302778574152,0.99,0.07068029271457377,0.5910395606051427,0,0,-15.91394086283068,-15.91195927496933,1.0,9.989595487471814,14.04302778574152,1.0
OG0000120,177,0.0006482359180562337,0.0,0.778036672245993,99.43570445796918,0.221963327754007,1.591834027457601,0.2275473062278661,2,0,-17.3289634167088,-18.10140777758151,0.4618826793575826,12.02030538386909,15.90976893408179,1.0
OG0000120,178,0.009451946637811846,0.005513766069758499,0.4318289103492433,12.07591761531402,0.5681710896507567,0.181596474163225,0.5358421614709923,1,0,-8.228736671708836,-8.296392590680624,0.9345819901888915,0.0079868979575673,8.21666241687681,1.0
OG0000120,179,23.63378602238612,0.0,0.6767217981667918,16.90479385592861,0.3232782018332082,0.0,0.6666666666666666,0,0,-12.13506899402542,-12.38623050811526,0.7778967201197025,27.45231613721955,6.993418544166158,1.0
OG0000120,180,0.01249561566190882,1.015878910013583e-06,0.2458251953125,8.38070550170604,0.7541748046875,0.6354007516569382,0.3944819897224309,1,0,-10.03788075409213,-10.09355212732099,0.9458499164233948,0.01257330694807661,6.956984374090977,1.0
OG0000120,181,0.0,0.0,1.0,0.0,0.0,0.0,1.0,0,0,0.0,0.0,1.0,0.0,0.0,1.0
OG0000120,182,0.0,0.0,1.0,0.0,0.0,0.0,1.0,0,0,0.0,0.0,1.0,0.0,0.0,1.0
OG0000120,183,0.0,0.0,1.0,0.0,0.0,0.0,1.0,0,0,0.0,0.0,1.0,0.0,0.0,1.0
OG0000120,184,0.004166680925682652,1.041670231420663e-06,0.01,17.51012390469021,0.99,1.253661660575506,0.2747598103409344,0,0,-11.2236277464949,-11.22029273684145,1.0,0.004166680925682652,17.51012390469021,1.0
OG0000120,185,0.0,0.0,1.0,0.0,0.0,0.0,1.0,0,0,0.0,0.0,1.0,0.0,0.0,1.0
OG0000120,186,0.0,0.0,1.0,0.0,0.0,0.0,1.0,0,0,0.0,0.0,1.0,0.0,0.0,1.0
OG0000120,187,0.0,0.0,1.0,0.0,0.0,0.0,1.0,0,0,0.0,0.0,1.0,0.0,0.0,1.0
OG0000120,188,0.0,0.0,1.0,0.0,0.0,0.0,1.0,0,0,0.0,0.0,1.0,0.0,0.0,1.0
OG0000120,189,0.000797812632635055,1.994531581587637e-07,0.01,3.575656645877226,0.99,0.3244522512630166,0.4824412002680855,1,0,-6.708468559819642,-6.70465992860018,1.0,0.0007978126326350548,3.575656645877229,1.0
OG0000120,190,14.66516463754472,4.699823139957735,0.8739089973183133,5.18279063294615,0.1260910026816867,0.0,0.6666666666666666,0,0,-9.205032124448525,-9.204480198294926,1.0,15.09258142242574,4.660697380530443,1.0
OG0000120,191,0.02833745277083254,7.084363192708135e-06,0.01,4.470555412367738,0.99,0.2285578902731906,0.5168485628362023,1,0,-6.368441212423467,-6.365445066036609,1.0,0.02833745277083254,4.470555412367738,1.0
OG0000120,192,14.36106981497714,2.349891895753939e-05,1.0,0.4506308474420308,0.0,0.0,0.6666666666666666,0,0,-6.9655714783047,-6.965571140358777,1.0,14.31122135885833,2.400077371594197e-05,1.0
OG0000120,193,25.95370938627647,0.0005688981313962193,0.7308489131666938,24.67317725107296,0.2691510868333062,0.0,0.6666666666666666,0,0,-17.06905061527794,-17.44808021268579,0.6845253521740214,29.07720642845607,9.176474237663916,1.0
OG0000120,194,0.01819386944352516,4.548467360881289e-06,0.01,5.064357774897422,0.99,0.4517601084048319,0.4429818101184331,1,0,-6.283396996883088,-6.279965691095709,1.0,0.01819386944352516,5.064357774897422,1.0
OG0000120,195,0.0,0.0,1.0,0.0,0.0,0.0,1.0,0,0,0.0,0.0,1.0,0.0,0.0,1.0
OG0000120,196,0.00893330420341145,0.004503292607227529,0.5158203124999998,11.63274075176015,0.4841796875000002,1.275525351296167,0.2713934096684676,1,0,-10.15535896031891,-10.25097366090407,0.9088141141597299,0.00900245213131842,7.070883301098589,1.0
OG0000120,197,6.708463672269699e-09,2.57293748528915e-09,0.823031660480503,44.10818236971788,0.176968339519497,3.989896397015912,0.06360642027567165,1,0,-11.70520657232562,-13.02858602971643,0.2662340532805821,3.213042095988671e-08,13.65761487343996,1.0
OG0000120,198,0.0002857406390785786,0.0001785568960534132,0.6413979750384958,35.00075849695927,0.3586020249615042,2.086636092548325,0.1737486276879572,2,0,-12.9071697920541,-13.31968396429713,0.6619838148112753,0.001163208400755801,7.651242541617368,1.0
OG0000120,199,12.38192087981214,0.00102907529320146,0.01016622223695183,15.74644293388075,0.9898337777630482,0.0175771957026214,0.6318161983794743,1,0,-14.77614431614248,-14.77935865962779,0.9967908169858898,12.50950265103159,15.55041358564607,1.0
OG0000120,200,0.00112031384479692,0.0,0.2452930450439449,9.413634068793966,0.7547069549560551,0.7555060354958272,0.3667348158612194,1,0,-11.46434377053237,-11.49438404735391,0.9704064478725233,0.001112227618146791,7.863551209930749,1.0
OG0000120,201,11.75830892594266,0.0002014843204392177,1.0,0.7973516200200024,0.0,0.0,0.6666666666666666,0,0,-5.608405137088144,-5.608397976675551,1.0,11.72267304718853,0.0002140747737712768,1.0
OG0000120,202,0.03680210030223351,0.01902260410080824,0.5168890890625,29.85498333301373,0.4831109109375,0.6240248111873967,0.3972565658755513,1,0,-12.86613161028193,-13.02480678887713,0.8532734754413595,0.04070334470954932,17.08857342799634,1.0
OG0000120,203,17.94798638986549,4.497697360431643,0.8877103260735414,4.036741537762183,0.1122896739264586,0.0,0.6666666666666666,0,0,-8.958334337826571,-8.957890842802954,1.0,17.61351253925588,4.479131909188659,1.0
OG0000120,204,10.70166592182523,4.026008091010009,0.9084910333156591,3.517326373404084,0.09150896668434094,0.0,0.6666666666666666,0,0,-11.96882443174215,-11.96739334512024,1.0,11.12325365258052,4.129859302462578,1.0
OG0000120,205,177.8376059715378,15.31532345687405,0.8421794973368513,14.90494219436228,0.1578205026631487,0.0,0.6666666666666666,0,0,-22.65793016843175,-22.65536157630202,1.0,185.5021653712236,14.86632848998166,1.0
OG0000120,206,0.01781224044897406,0.007513564675729783,0.6591909385561602,100000.0,0.3408090614438398,4.874043251390894,0.04023337171008057,0,0,-16.48630954753689,-18.1377512960858,0.1917732204069874,0.02397751562110052,42.25090497416106,1.0
OG0000120,207,25.8451086268722,6.89452779295726,0.8378774768293835,6.937614692969749,0.1621225231706165,0.0,0.6666666666666666,0,0,-7.285723932042056,-7.285504878657417,1.0,25.85624975042836,6.664681208559245,1.0
OG0000120,208,16.04086193180537,0.0,0.8864243066443329,467.7610627913719,0.1135756933556671,2.250433271148776,0.1590865519686854,0,0,-12.72226073721668,-15.57704616440144,0.05756817236352629,36.92853407615814,12.18780751141676,1.0
OG0000120,209,2.000540994118157,0.0,0.01,49.00297549241448,0.99,1.179124851190036,0.2866025648077731,0,0,-14.47411239886848,-14.47398191905959,1.0,1.592769841261215,49.00297549241458,1.0
OG0000120,210,0.0,0.0,1.0,0.0,0.0,0.0,1.0,0,0,0.0,0.0,1.0,0.0,0.0,1.0
OG0000120,211,7.053934998559597,3.462592848415314,0.8407331326552039,4462.618183538046,0.1592668673447961,2.330538083186365,0.1523982820528883,0,0,-12.1650838005403,-13.36072067455683,0.3025112312393913,17.40586606340406,19.11135301497762,1.0
OG0000120,212,0.02291666541817921,0.0001145125463018703,0.7268559280807235,1512.753188342697,0.2731440719192765,2.096487894207673,0.1728274025693955,0,0,-10.64105570608401,-11.63726106533274,0.3692780634139625,104.0156759829626,49.1621184685474,1.0
OG0000120,213,2.450719481718844,0.0006126798704297109,0.01,99999.99999999693,0.99,-1.609014342207615e-06,0.6666666666666666,0,0,-5.219449137808249,-5.219448137808335,1.0,2.450719481718844,100000.0,1.0
OG0000120,214,0.0,0.0,1.0,0.0,0.0,0.0,1.0,0,0,0.0,0.0,1.0,0.0,0.0,1.0
OG0000120,215,0.0,0.0,1.0,0.0,0.0,0.0,1.0,0,0,0.0,0.0,1.0,0.0,0.0,1.0
OG0000120,216,0.0,0.0,1.0,0.0,0.0,0.0,1.0,0,0,0.0,0.0,1.0,0.0,0.0,1.0
OG0000120,217,0.0,0.0,1.0,0.0,0.0,0.0,1.0,0,0,0.0,0.0,1.0,0.0,0.0,1.0
OG0000123,1,0.0,0.0,1.0,0.0,0.0,0.0,1.0,0,0,0.0,0.0,1.0,0.0,0.0,1.0
OG0000123,2,0.0,0.0,1.0,0.0,0.0,0.0,1.0,0,0,0.0,0.0,1.0,0.0,0.0,1.0
OG0000123,3,0.0,0.0,1.0,0.0,0.0,0.0,1.0,0,0,0.0,0.0,1.0,0.0,0.0,1.0
OG0000123,4,0.0,0.0,1.0,0.0,0.0,0.0,1.0,0,0,0.0,0.0,1.0,0.0,0.0,1.0
OG0000123,5,0.0,0.0,1.0,0.0,0.0,0.0,1.0,0,0,0.0,0.0,1.0,0.0,0.0,1.0
OG0000123,6,0.0,0.0,1.0,0.0,0.0,0.0,1.0,0,0,0.0,0.0,1.0,0.0,0.0,1.0
OG0000123,7,0.0,0.0,1.0,0.0,0.0,0.0,1.0,0,0,0.0,0.0,1.0,0.0,0.0,1.0
OG0000123,8,0.0,0.0,1.0,0.0,0.0,0.0,1.0,0,0,0.0,0.0,1.0,0.0,0.0,1.0
OG0000123,9,0.0,0.0,1.0,0.0,0.0,0.0,1.0,0,0,0.0,0.0,1.0,0.0,0.0,1.0
OG0000123,10,0.0,0.0,1.0,0.0,0.0,0.0,1.0,0,0,0.0,0.0,1.0,0.0,0.0,1.0
OG0000123,11,0.0,0.0,1.0,0.0,0.0,0.0,1.0,0,0,0.0,0.0,1.0,0.0,0.0,1.0
OG0000123,12,0.0,0.0,1.0,0.0,0.0,0.0,1.0,0,0,0.0,0.0,1.0,0.0,0.0,1.0
OG0000123,13,0.0,0.0,1.0,0.0,0.0,0.0,1.0,0,0,0.0,0.0,1.0,0.0,0.0,1.0
OG0000123,14,0.01972348656803969,0.01015451378776418,0.4773437499999998,26.72514366233719,0.5226562500000002,0.1942574695143406,0.530546659753971,1,0,-7.041888592251812,-7.050217522380056,0.991705659312238,0.01845282626058645,12.38872684287335,1.0
OG0000123,15,0.0,0.0,1.0,0.0,0.0,0.0,1.0,0,0,0.0,0.0,1.0,0.0,0.0,1.0
OG0000123,16,0.0,0.0,1.0,0.0,0.0,0.0,1.0,0,0,0.0,0.0,1.0,0.0,0.0,1.0
OG0000123,17,0.0,0.0,1.0,0.0,0.0,0.0,1.0,0,0,0.0,0.0,1.0,0.0,0.0,1.0
OG0000123,18,0.05306945846081289,0.0,0.01,17.37609272030546,0.99,0.3669903167343822,0.4685919828303829,1,0,-7.458941783564387,-7.458869284318225,1.0,0.05306945846081287,17.37609272030546,1.0
OG0000123,19,0.0,0.0,1.0,0.0,0.0,0.0,1.0,0,0,0.0,0.0,1.0,0.0,0.0,1.0
OG0000123,20,0.0,0.0,1.0,0.0,0.0,0.0,1.0,0,0,0.0,0.0,1.0,0.0,0.0,1.0
OG0000123,21,0.0,0.0,1.0,0.0,0.0,0.0,1.0,0,0,0.0,0.0,1.0,0.0,0.0,1.0
OG0000123,22,0.0,0.0,1.0,0.0,0.0,0.0,1.0,0,0,0.0,0.0,1.0,0.0,0.0,1.0
OG0000123,23,0.0,0.0,1.0,0.0,0.0,0.0,1.0,0,0,0.0,0.0,1.0,0.0,0.0,1.0
OG0000123,24,0.0,0.0,1.0,0.0,0.0,0.0,1.0,0,0,0.0,0.0,1.0,0.0,0.0,1.0
OG0000123,25,0.0,0.0,1.0,0.0,0.0,0.0,1.0,0,0,0.0,0.0,1.0,0.0,0.0,1.0
OG0000123,26,0.0,0.0,1.0,0.0,0.0,0.0,1.0,0,0,0.0,0.0,1.0,0.0,0.0,1.0
OG0000123,27,0.0,0.0,1.0,0.0,0.0,0.0,1.0,0,0,0.0,0.0,1.0,0.0,0.0,1.0
OG0000123,28,0.0,0.0,1.0,0.0,0.0,0.0,1.0,0,0,0.0,0.0,1.0,0.0,0.0,1.0
OG0000123,29,0.0,0.0,1.0,0.0,0.0,0.0,1.0,0,0,0.0,0.0,1.0,0.0,0.0,1.0
OG0000123,30,0.0,0.0,1.0,0.0,0.0,0.0,1.0,0,0,0.0,0.0,1.0,0.0,0.0,1.0
OG0000123,31,0.0,0.0,1.0,0.0,0.0,0.0,1.0,0,0,0.0,0.0,1.0,0.0,0.0,1.0
OG0000123,32,0.0,0.0,1.0,0.0,0.0,0.0,1.0,0,0,0.0,0.0,1.0,0.0,0.0,1.0
OG0000123,33,0.0,0.0,1.0,0.0,0.0,0.0,1.0,0,0,0.0,0.0,1.0,0.0,0.0,1.0
OG0000123,34,0.0,0.0,1.0,0.0,0.0,0.0,1.0,0,0,0.0,0.0,1.0,0.0,0.0,1.0
OG0000123,35,0.0,0.0,1.0,0.0,0.0,0.0,1.0,0,0,0.0,0.0,1.0,0.0,0.0,1.0
OG0000123,36,0.0,0.0,1.0,0.0,0.0,0.0,1.0,0,0,0.0,0.0,1.0,0.0,0.0,1.0
OG0000123,37,0.0,0.0,1.0,0.0,0.0,0.0,1.0,0,0,0.0,0.0,1.0,0.0,0.0,1.0
OG0000123,38,0.0,0.0,1.0,0.0,0.0,0.0,1.0,0,0,0.0,0.0,1.0,0.0,0.0,1.0
OG0000123,39,0.07348347060151898,0.03918237146388388,0.6582758645569833,308.2601827180442,0.3417241354430167,2.950582804927858,0.1096150706683258,2,0,-15.97969694226398,-17.15477957294253,0.3087934627845071,0.0718092461661053,53.65646943105276,1.0
OG0000123,40,0.0,0.0,1.0,0.0,0.0,0.0,1.0,0,0,0.0,0.0,1.0,0.0,0.0,1.0
OG0000123,41,0.0,0.0,1.0,0.0,0.0,0.0,1.0,0,0,0.0,0.0,1.0,0.0,0.0,1.0
OG0000123,42,0.0,0.0,1.0,0.0,0.0,0.0,1.0,0,0,0.0,0.0,1.0,0.0,0.0,1.0
OG0000123,43,0.0,0.0,1.0,0.0,0.0,0.0,1.0,0,0,0.0,0.0,1.0,0.0,0.0,1.0
OG0000123,44,0.0,0.0,1.0,0.0,0.0,0.0,1.0,0,0,0.0,0.0,1.0,0.0,0.0,1.0
OG0000123,45,0.0,0.0,1.0,0.0,0.0,0.0,1.0,0,0,0.0,0.0,1.0,0.0,0.0,1.0
OG0000123,46,0.0,0.0,1.0,0.0,0.0,0.0,1.0,0,0,0.0,0.0,1.0,0.0,0.0,1.0
OG0000123,47,0.0,0.0,1.0,0.0,0.0,0.0,1.0,0,0,0.0,0.0,1.0,0.0,0.0,1.0
OG0000123,48,0.0,0.0,1.0,0.0,0.0,0.0,1.0,0,0,0.0,0.0,1.0,0.0,0.0,1.0
OG0000123,49,0.0,0.0,1.0,0.0,0.0,0.0,1.0,0,0,0.0,0.0,1.0,0.0,0.0,1.0
OG0000123,50,0.0,0.0,1.0,0.0,0.0,0.0,1.0,0,0,0.0,0.0,1.0,0.0,0.0,1.0
OG0000123,51,0.0,0.0,1.0,0.0,0.0,0.0,1.0,0,0,0.0,0.0,1.0,0.0,0.0,1.0
OG0000123,52,0.0,0.0,1.0,0.0,0.0,0.0,1.0,0,0,0.0,0.0,1.0,0.0,0.0,1.0
OG0000123,53,0.0,0.0,1.0,0.0,0.0,0.0,1.0,0,0,0.0,0.0,1.0,0.0,0.0,1.0
OG0000123,54,0.0,0.0,1.0,0.0,0.0,0.0,1.0,0,0,0.0,0.0,1.0,0.0,0.0,1.0
OG0000123,55,0.0,0.0,1.0,0.0,0.0,0.0,1.0,0,0,0.0,0.0,1.0,0.0,0.0,1.0
OG0000123,56,0.0,0.0,1.0,0.0,0.0,0.0,1.0,0,0,0.0,0.0,1.0,0.0,0.0,1.0
OG0000123,57,22.33618111873897,0.009094573889154916,1.0,1.056175917492478,0.0,0.0,0.6666666666666666,0,0,-14.62826001580894,-14.62818130906726,1.0,22.23651747536072,0.009214874211730041,1.0
OG0000123,58,0.0,0.0,1.0,0.0,0.0,0.0,1.0,0,0,0.0,0.0,1.0,0.0,0.0,1.0
OG0000123,59,156.844632941062,0.0001842928584557872,1.0,0.9077679568339063,0.0,0.0,0.6666666666666666,0,0,-9.657487812684357,-9.657628070239697,0.9998597522802831,159.2256642158453,0.0001887628781606125,1.0
OG0000123,60,0.0,0.0,1.0,0.0,0.0,0.0,1.0,0,0,0.0,0.0,1.0,0.0,0.0,1.0
OG0000123,61,224.5085265198517,0.01058820349446585,0.7268703716956917,75.41097623683703,0.2731296283043083,0.0,0.6666666666666666,0,0,-16.01739481542711,-16.41237058044236,0.6736963660552227,238.6142122715547,8.589327990143067,1.0
OG0000123,62,0.0,0.0,1.0,0.0,0.0,0.0,1.0,0,0,0.0,0.0,1.0,0.0,0.0,1.0
OG0000123,63,0.0,0.0,1.0,0.0,0.0,0.0,1.0,0,0,0.0,0.0,1.0,0.0,0.0,1.0
OG0000123,64,0.0,0.0,1.0,0.0,0.0,0.0,1.0,0,0,0.0,0.0,1.0,0.0,0.0,1.0
OG0000123,65,0.0,0.0,1.0,0.0,0.0,0.0,1.0,0,0,0.0,0.0,1.0,0.0,0.0,1.0
OG0000123,66,0.0,0.0,1.0,0.0,0.0,0.0,1.0,0,0,0.0,0.0,1.0,0.0,0.0,1.0
OG0000123,67,0.0,0.0,1.0,0.0,0.0,0.0,1.0,0,0,0.0,0.0,1.0,0.0,0.0,1.0
OG0000123,68,0.0,0.0,1.0,0.0,0.0,0.0,1.0,0,0,0.0,0.0,1.0,0.0,0.0,1.0
OG0000123,69,0.0,0.0,1.0,0.0,0.0,0.0,1.0,0,0,0.0,0.0,1.0,0.0,0.0,1.0
OG0000123,70,0.0,0.0,1.0,0.0,0.0,0.0,1.0,0,0,0.0,0.0,1.0,0.0,0.0,1.0
OG0000123,71,0.0,0.0,1.0,0.0,0.0,0.0,1.0,0,0,0.0,0.0,1.0,0.0,0.0,1.0
OG0000123,72,0.0,0.0,1.0,0.0,0.0,0.0,1.0,0,0,0.0,0.0,1.0,0.0,0.0,1.0
OG0000123,73,0.01288394426899012,0.00684385744349453,0.8486507232724667,136.3341444860144,0.1513492767275333,1.121573979509051,0.2961524948361149,1,0,-8.925946158060697,-9.366927397211622,0.643404777261114,0.01552706192385993,8.417363598215937,1.0
OG0000123,74,0.0,0.0,1.0,0.0,0.0,0.0,1.0,0,0,0.0,0.0,1.0,0.0,0.0,1.0
OG0000123,75,0.0186790748763057,0.009078293784870687,0.8637936013401066,124.5506812292522,0.1362063986598934,0.9342792141888303,0.329949976988547,1,0,-8.369096375364034,-8.790296175302638,0.6562589677900226,0.02302369957903366,7.048953020014316,1.0
OG0000123,76,0.0,0.0,1.0,0.0,0.0,0.0,1.0,0,0,0.0,0.0,1.0,0.0,0.0,1.0
OG0000123,77,0.0,0.0,1.0,0.0,0.0,0.0,1.0,0,0,0.0,0.0,1.0,0.0,0.0,1.0
OG0000123,78,0.0,0.0,1.0,0.0,0.0,0.0,1.0,0,0,0.0,0.0,1.0,0.0,0.0,1.0
OG0000123,79,0.0,0.0,1.0,0.0,0.0,0.0,1.0,0,0,0.0,0.0,1.0,0.0,0.0,1.0
OG0000123,80,0.0,0.0,1.0,0.0,0.0,0.0,1.0,0,0,0.0,0.0,1.0,0.0,0.0,1.0
OG0000123,81,0.01265462806558422,0.006163286785333434,0.9242211806368985,663.6459199150653,0.07577881936310149,2.057789753547251,0.1764761991635587,1,0,-8.437009285895533,-9.39928129566864,0.3820239370679672,0.01776536608366092,9.567586415040621,1.0
OG0000123,82,0.0,0.0,1.0,0.0,0.0,0.0,1.0,0,0,0.0,0.0,1.0,0.0,0.0,1.0
OG0000123,83,80.14604849838855,0.004661739716583989,1.0,1.445779891759063,0.0,0.0,0.6666666666666666,0,0,-11.74322807972444,-11.74322725129389,1.0,79.30955028558084,0.004549630039884648,1.0
OG0000123,84,0.0,0.0,1.0,0.0,0.0,0.0,1.0,0,0,0.0,0.0,1.0,0.0,0.0,1.0
OG0000123,85,0.0,0.0,1.0,0.0,0.0,0.0,1.0,0,0,0.0,0.0,1.0,0.0,0.0,1.0
OG0000123,86,0.0,0.0,1.0,0.0,0.0,0.0,1.0,0,0,0.0,0.0,1.0,0.0,0.0,1.0
OG0000123,87,22.85406152291724,0.008679248562899118,1.0,0.4018652674107031,0.0,0.0,0.6666666666666666,0,0,-10.36667654209897,-10.3665650878438,1.0,23.08001168805996,0.007253076507754648,1.0
OG0000123,88,0.0,0.0,1.0,0.0,0.0,0.0,1.0,0,0,0.0,0.0,1.0,0.0,0.0,1.0
OG0000123,89,0.0,0.0,1.0,0.0,0.0,0.0,1.0,0,0,0.0,0.0,1.0,0.0,0.0,1.0
OG0000123,90,0.0,0.0,1.0,0.0,0.0,0.0,1.0,0,0,0.0,0.0,1.0,0.0,0.0,1.0
OG0000123,91,22.32737367847312,0.008259853990719757,1.0,0.07047843503858635,0.0,0.0,0.6666666666666666,0,0,-11.3801571375953,-11.38002185195484,1.0,21.91385164073254,0.006233370593002825,1.0
OG0000123,92,44.13343039252083,0.002634581506121888,1.0,0.3892495381596027,0.0,0.0,0.6666666666666666,0,0,-8.548480859047771,-8.548426422916892,1.0,44.00146004550512,0.002158022226105842,1.0
OG0000123,93,0.0,0.0,1.0,0.0,0.0,0.0,1.0,0,0,0.0,0.0,1.0,0.0,0.0,1.0
OG0000123,94,0.0,0.0,1.0,0.0,0.0,0.0,1.0,0,0,0.0,0.0,1.0,0.0,0.0,1.0
OG0000123,95,352.5881875008793,0.001295407595167438,0.735640752824821,0.002074115255592927,0.264359247175179,0.0,0.6666666666666666,0,0,-7.742373895372907,-7.742282104489539,1.0,356.8670555485377,0.001286586635582198,1.0
OG0000123,96,0.0,0.0,1.0,0.0,0.0,0.0,1.0,0,0,0.0,0.0,1.0,0.0,0.0,1.0
OG0000123,97,0.0,0.0,1.0,0.0,0.0,0.0,1.0,0,0,0.0,0.0,1.0,0.0,0.0,1.0
OG0000123,98,0.0,0.0,1.0,0.0,0.0,0.0,1.0,0,0,0.0,0.0,1.0,0.0,0.0,1.0
OG0000123,99,0.0,0.0,1.0,0.0,0.0,0.0,1.0,0,0,0.0,0.0,1.0,0.0,0.0,1.0
OG0000123,100,0.0,0.0,1.0,0.0,0.0,0.0,1.0,0,0,0.0,0.0,1.0,0.0,0.0,1.0
OG0000123,101,10000.0,0.004038705891994135,0.7037805364655998,0.0002852422741370558,0.2962194635344002,0.0,0.6666666666666666,0,0,-6.537052282495095,-6.537172013712715,0.9998802759498695,10000.0,0.004070716907191138,1.0
OG0000123,102,0.0,0.0,1.0,0.0,0.0,0.0,1.0,0,0,0.0,0.0,1.0,0.0,0.0,1.0
OG0000123,103,0.0,0.0,1.0,0.0,0.0,0.0,1.0,0,0,0.0,0.0,1.0,0.0,0.0,1.0
OG0000123,104,0.0,0.0,1.0,0.0,0.0,0.0,1.0,0,0,0.0,0.0,1.0,0.0,0.0,1.0
OG0000123,105,0.0,0.0,1.0,0.0,0.0,0.0,1.0,0,0,0.0,0.0,1.0,0.0,0.0,1.0
OG0000123,106,0.0,0.0,1.0,0.0,0.0,0.0,1.0,0,0,0.0,0.0,1.0,0.0,0.0,1.0
OG0000123,107,0.01442039255123243,0.007522121759024209,0.5036621093749992,21.44414871549611,0.4963378906250008,0.2715796492385714,0.5007917986775716,1,0,-7.362531678612298,-7.412189792285967,0.951554692430797,0.01561619964716692,8.466149081406272,1.0
OG0000123,108,0.0,0.0,1.0,0.0,0.0,0.0,1.0,0,0,0.0,0.0,1.0,0.0,0.0,1.0
OG0000123,109,0.0,0.0,1.0,0.0,0.0,0.0,1.0,0,0,0.0,0.0,1.0,0.0,0.0,1.0
OG0000123,110,0.0,0.0,1.0,0.0,0.0,0.0,1.0,0,0,0.0,0.0,1.0,0.0,0.0,1.0
OG0000123,111,0.0,0.0,1.0,0.0,0.0,0.0,1.0,0,0,0.0,0.0,1.0,0.0,0.0,1.0
OG0000123,112,0.0,0.0,1.0,0.0,0.0,0.0,1.0,0,0,0.0,0.0,1.0,0.0,0.0,1.0
OG0000123,113,0.0,0.0,1.0,0.0,0.0,0.0,1.0,0,0,0.0,0.0,1.0,0.0,0.0,1.0
OG0000123,114,40.28217931980193,0.003260763071821626,1.0,1.185346663734904,0.0,0.0,0.6666666666666666,0,0,-12.22986031459812,-12.22983732564648,1.0,40.19461298353762,0.002967993461627292,1.0
OG0000123,115,0.0,0.0,1.0,0.0,0.0,0.0,1.0,0,0,0.0,0.0,1.0,0.0,0.0,1.0
OG0000123,116,0.0,0.0,1.0,0.0,0.0,0.0,1.0,0,0,0.0,0.0,1.0,0.0,0.0,1.0
OG0000123,117,0.0,0.0,1.0,0.0,0.0,0.0,1.0,0,0,0.0,0.0,1.0,0.0,0.0,1.0
OG0000123,118,0.0,0.0,1.0,0.0,0.0,0.0,1.0,0,0,0.0,0.0,1.0,0.0,0.0,1.0
OG0000123,119,0.0,0.0,1.0,0.0,0.0,0.0,1.0,0,0,0.0,0.0,1.0,0.0,0.0,1.0
OG0000123,120,0.0,0.0,1.0,0.0,0.0,0.0,1.0,0,0,0.0,0.0,1.0,0.0,0.0,1.0
OG0000123,121,0.00940475130642175,0.004469332034579595,0.8688108338431227,125.4384936540994,0.1311891661568773,1.880653308796781,0.1942614012242907,1,0,-13.37017852664177,-13.80149624999251,0.6496524682034488,0.01146730004878394,6.679320284043216,1.0
OG0000123,122,0.0,0.0,1.0,0.0,0.0,0.0,1.0,0,0,0.0,0.0,1.0,0.0,0.0,1.0
OG0000123,123,0.0,0.0,1.0,0.0,0.0,0.0,1.0,0,0,0.0,0.0,1.0,0.0,0.0,1.0
OG0000123,124,0.0,0.0,1.0,0.0,0.0,0.0,1.0,0,0,0.0,0.0,1.0,0.0,0.0,1.0
OG0000123,125,0.0,0.0,1.0,0.0,0.0,0.0,1.0,0,0,0.0,0.0,1.0,0.0,0.0,1.0
OG0000123,126,0.0,0.0,1.0,0.0,0.0,0.0,1.0,0,0,0.0,0.0,1.0,0.0,0.0,1.0
OG0000123,127,0.0,0.0,1.0,0.0,0.0,0.0,1.0,0,0,0.0,0.0,1.0,0.0,0.0,1.0
OG0000123,128,0.0,0.0,1.0,0.0,0.0,0.0,1.0,0,0,0.0,0.0,1.0,0.0,0.0,1.0
OG0000123,129,0.0,0.0,1.0,0.0,0.0,0.0,1.0,0,0,0.0,0.0,1.0,0.0,0.0,1.0
OG0000123,130,0.0,0.0,1.0,0.0,0.0,0.0,1.0,0,0,0.0,0.0,1.0,0.0,0.0,1.0
OG0000123,131,0.0,0.0,1.0,0.0,0.0,0.0,1.0,0,0,0.0,0.0,1.0,0.0,0.0,1.0
OG0000123,132,0.0,0.0,1.0,0.0,0.0,0.0,1.0,0,0,0.0,0.0,1.0,0.0,0.0,1.0
OG0000123,133,0.0,0.0,1.0,0.0,0.0,0.0,1.0,0,0,0.0,0.0,1.0,0.0,0.0,1.0
OG0000123,134,0.0,0.0,1.0,0.0,0.0,0.0,1.0,0,0,0.0,0.0,1.0,0.0,0.0,1.0
OG0000123,135,0.0,0.0,1.0,0.0,0.0,0.0,1.0,0,0,0.0,0.0,1.0,0.0,0.0,1.0
OG0000123,136,0.0,0.0,1.0,0.0,0.0,0.0,1.0,0,0,0.0,0.0,1.0,0.0,0.0,1.0
OG0000123,137,36.52773432527861,0.003785983031185224,1.0,0.4418052600342858,0.0,0.0,0.6666666666666666,0,0,-18.56140326974711,-18.56147159520201,0.9999316768792227,36.33637047525811,0.003178105681308652,1.0
OG0000123,138,0.0,0.0,1.0,0.0,0.0,0.0,1.0,0,0,0.0,0.0,1.0,0.0,0.0,1.0
OG0000123,139,0.0,0.0,1.0,0.0,0.0,0.0,1.0,0,0,0.0,0.0,1.0,0.0,0.0,1.0
OG0000123,140,0.0147565451577395,0.007010789203265987,0.9282502779438644,1128.161038269832,0.07174972205613561,2.656383109958064,0.1280910324993424,1,0,-10.37161216583307,-11.50959284810407,0.3204654904950053,0.01853956902677982,11.82713888663573,1.0
OG0000123,141,0.0,0.0,1.0,0.0,0.0,0.0,1.0,0,0,0.0,0.0,1.0,0.0,0.0,1.0
OG0000123,142,0.0,0.0,1.0,0.0,0.0,0.0,1.0,0,0,0.0,0.0,1.0,0.0,0.0,1.0
OG0000123,143,0.0,0.0,1.0,0.0,0.0,0.0,1.0,0,0,0.0,0.0,1.0,0.0,0.0,1.0
OG0000123,144,0.0,0.0,1.0,0.0,0.0,0.0,1.0,0,0,0.0,0.0,1.0,0.0,0.0,1.0
OG0000123,145,0.06513317079928829,0.03279959347532175,0.7108855087047348,163.4744947164813,0.2891144912952652,2.165808480026513,0.1664903697563377,0,0,-11.53580689785544,-12.12435648400926,0.5551318720317249,0.06977037278329237,25.34530080248959,1.0
OG0000123,146,0.0,0.0,1.0,0.0,0.0,0.0,1.0,0,0,0.0,0.0,1.0,0.0,0.0,1.0
OG0000123,147,0.0,0.0,1.0,0.0,0.0,0.0,1.0,0,0,0.0,0.0,1.0,0.0,0.0,1.0
OG0000123,148,0.0,0.0,1.0,0.0,0.0,0.0,1.0,0,0,0.0,0.0,1.0,0.0,0.0,1.0
OG0000123,149,0.01184391852106157,0.006119989786902837,0.7308926531933599,38.95481060767946,0.2691073468066401,0.8040810329968089,0.3562458024555497,1,0,-10.04940215516786,-10.16035480421334,0.894981126130858,0.01146730004878394,6.679320284043216,1.0
OG0000123,150,0.0,0.0,1.0,0.0,0.0,0.0,1.0,0,0,0.0,0.0,1.0,0.0,0.0,1.0
OG0000123,151,0.02165296853746469,0.0004670602017835057,0.7781250000000001,0.07611025458945146,0.2218749999999999,-0.002671502230665368,0.6666666666666666,0,0,-2.970392710317121,-2.968854885195606,1.0,0.01990369693915641,0.0004138100774098402,1.0
OG0000123,152,0.0,0.0,1.0,0.0,0.0,0.0,1.0,0,0,0.0,0.0,1.0,0.0,0.0,1.0
OG0000123,153,0.0,0.0,1.0,0.0,0.0,0.0,1.0,0,0,0.0,0.0,1.0,0.0,0.0,1.0
OG0000123,154,0.0,0.0,1.0,0.0,0.0,0.0,1.0,0,0,0.0,0.0,1.0,0.0,0.0,1.0
OG0000123,155,0.0,0.0,1.0,0.0,0.0,0.0,1.0,0,0,0.0,0.0,1.0,0.0,0.0,1.0
OG0000123,156,0.0,0.0,1.0,0.0,0.0,0.0,1.0,0,0,0.0,0.0,1.0,0.0,0.0,1.0
OG0000123,157,0.0,0.0,1.0,0.0,0.0,0.0,1.0,0,0,0.0,0.0,1.0,0.0,0.0,1.0
OG0000123,158,12.57620708563269,5.47150869046024e-05,1.0,0.1949387184054024,0.0,0.0,0.6666666666666666,0,0,-10.9034325340966,-10.9034352593813,0.9999972747190169,12.71481686822471,4.281607707618978e-05,1.0
OG0000123,159,0.0,0.0,1.0,0.0,0.0,0.0,1.0,0,0,0.0,0.0,1.0,0.0,0.0,1.0
OG0000123,160,0.0,0.0,1.0,0.0,0.0,0.0,1.0,0,0,0.0,0.0,1.0,0.0,0.0,1.0
OG0000123,161,0.0,0.0,1.0,0.0,0.0,0.0,1.0,0,0,0.0,0.0,1.0,0.0,0.0,1.0
OG0000123,162,0.02285951494768937,0.0,0.0105,10.24662317505627,0.9895,0.1296530946866365,0.5592886033488451,1,0,-7.353523127975016,-7.35380729024464,0.9997158781006358,0.02285951494768937,10.24662317505625,1.0
OG0000123,163,0.0,0.0,1.0,0.0,0.0,0.0,1.0,0,0,0.0,0.0,1.0,0.0,0.0,1.0
OG0000123,164,0.0,0.0,1.0,0.0,0.0,0.0,1.0,0,0,0.0,0.0,1.0,0.0,0.0,1.0
OG0000123,165,8.507660595105984e-07,6.380745446329488e-07,0.8400000000000001,6.241799343205608e-05,0.1599999999999999,-2.992371820553785e-06,0.6666666666666666,0,0,-3.401609422593721,-3.401617210052004,0.9999922125720386,8.507660595105984e-07,6.241799343205608e-05,1.0
OG0000123,166,0.0008967103772143766,0.0006977527622699369,0.8300000000000001,0.07611025458945146,0.1699999999999999,-0.002993708410835794,0.6666666666666666,0,0,-4.620855593706708,-4.619303653536481,1.0,0.0008312590235358409,8.105863105144318e-05,1.0
OG0000123,167,5.843383494410516e-05,4.546882781588183e-05,0.8300000000000001,0.07611025458945146,0.1699999999999999,-0.002558621811926898,0.6666666666666666,0,0,-2.878564793908202,-2.877284085219881,1.0,5.4256056387131e-05,2.510819763927104e-05,1.0
OG0000123,168,5.843383494410516e-05,4.546882781588183e-05,0.8300000000000001,0.07611025458945146,0.1699999999999999,-0.002558621811926898,0.6666666666666666,0,0,-2.878564793908202,-2.877284085219881,1.0,5.4256056387131e-05,2.510819763927104e-05,1.0
OG0000123,169,0.0008967103772143766,0.0006977527622699369,0.8300000000000001,0.07611025458945146,0.1699999999999999,-0.002993708410835794,0.6666666666666666,0,0,-4.620855593706708,-4.619303653536481,1.0,0.0008312590235358409,8.105863105144318e-05,1.0
OG0000123,170,5.843383494410516e-05,4.546882781588183e-05,0.8300000000000001,0.07611025458945146,0.1699999999999999,-0.002400177151237415,0.6666666666666666,0,0,-4.350134977420824,-4.348933585834085,1.0,5.4256056387131e-05,2.510819763927104e-05,1.0
OG0000123,171,0.001167263272247443,0.0009082767337175419,0.8300000000000001,0.07611025458945146,0.1699999999999999,-0.002376190966045577,0.6666666666666666,0,0,-2.854858277361018,-2.853611291694529,1.0,0.001081734451733661,0.0001199365751404004,1.0
OG0000123,172,5.843383494410516e-05,4.546882781588183e-05,0.8300000000000001,0.07611025458945146,0.1699999999999999,-0.002669425212076248,0.6666666666666666,0,0,-2.628006336621956,-2.626670163440061,1.0,5.4256056387131e-05,2.510819763927104e-05,1.0
OG0000123,173,0.0008967103772143766,0.0006977527622699369,0.8300000000000001,0.07611025458945146,0.1699999999999999,-0.002993708410835794,0.6666666666666666,0,0,-4.620855593706708,-4.619303653536481,1.0,0.0008312590235358409,8.105863105144318e-05,1.0
OG0000123,174,8.507660595105984e-07,6.380745446329488e-07,0.8400000000000001,6.241799343205608e-05,0.1599999999999999,-2.97119797565415e-06,0.6666666666666666,0,0,-3.467066655218981,-3.467074387532165,0.9999922677167103,8.507660595105984e-07,6.241799343205608e-05,1.0
OG0000123,175,0.0,0.0,1.0,0.0,0.0,0.0,1.0,0,0,0.0,0.0,1.0,0.0,0.0,1.0
OG0000123,176,0.004079193995854352,0.003174122828024168,0.8300000000000001,0.07611025458945146,0.1699999999999999,-0.00294255358595219,0.6666666666666666,0,0,-3.90759473195012,-3.905927124037732,1.0,0.003772205292607947,0.0008778721062758343,1.0
OG0000123,177,5.843383494411468e-05,4.546882781588924e-05,0.8300000000000001,0.07611025458945146,0.1699999999999999,-0.001963631747548433,0.6666666666666666,0,0,-2.53657667836067,-2.535593801156692,1.0,5.425605638713987e-05,2.510819763927104e-05,1.0
OG0000123,178,0.0002088728030712146,0.0001625291498897889,0.8300000000000001,0.07611025458945146,0.1699999999999999,-0.00196683024210742,0.6666666666666666,0,0,-4.529179022507307,-4.528188075159171,1.0,0.000193843870020576,2.573769270584247e-05,1.0
OG0000123,179,5.843383494410516e-05,4.546882781588183e-05,0.8300000000000001,0.07611025458945146,0.1699999999999999,-0.002558621811926898,0.6666666666666666,0,0,-2.878564793908202,-2.877284085219881,1.0,5.4256056387131e-05,2.510819763927104e-05,1.0
OG0000123,180,8.507660595105984e-07,6.380745446329488e-07,0.8400000000000001,6.241799343205608e-05,0.1599999999999999,-2.992371820553785e-06,0.6666666666666666,0,0,-3.401609422593721,-3.401617210052004,0.9999922125720386,8.507660595105984e-07,6.241799343205608e-05,1.0
OG0000123,181,5.843383494410516e-05,4.546882781588183e-05,0.8300000000000001,0.07611025458945146,0.1699999999999999,-0.002231897604309196,0.6666666666666666,0,0,-2.513010735810862,-2.511893579037109,1.0,5.4256056387131e-05,2.510819763927104e-05,1.0
OG0000123,182,0.001167263272247443,0.0009082767337175419,0.8300000000000001,0.07611025458945146,0.1699999999999999,-0.002376190966045577,0.6666666666666666,0,0,-2.854858277361018,-2.853611291694529,1.0,0.001081734451733661,0.0001199365751404004,1.0
OG0000123,183,0.003201265716053379,0.002490984885304036,0.8300000000000001,0.07611025458945146,0.1699999999999999,-0.001543282091107656,0.6666666666666666,0,0,-2.763442616087361,-2.762621103713443,1.0,0.002961904273958252,0.001215126389615383,1.0
OG0000123,184,5.843383494410516e-05,4.546882781588183e-05,0.8300000000000001,0.07611025458945146,0.1699999999999999,-0.002400177151237415,0.6666666666666666,0,0,-4.350134977420824,-4.348933585834085,1.0,5.4256056387131e-05,2.510819763927104e-05,1.0
OG0000123,185,0.07251190587414008,0.0,0.0105,25.30538367628444,0.9895,0.8174173492755941,0.3534337638752648,2,0,-10.63406239363812,-10.63556240236455,0.9985011157242817,0.07251190587414008,25.30538367628444,1.0
OG0000123,186,5.843383494410516e-05,4.546882781588183e-05,0.8300000000000001,0.07611025458945146,0.1699999999999999,-0.002669425212076248,0.6666666666666666,0,0,-2.628006336621956,-2.626670163440061,1.0,5.4256056387131e-05,2.510819763927104e-05,1.0
OG0000123,187,5.843383494410516e-05,4.546882781588183e-05,0.8300000000000001,0.07611025458945146,0.1699999999999999,-0.002669425212076248,0.6666666666666666,0,0,-2.628006336621956,-2.626670163440061,1.0,5.4256056387131e-05,2.510819763927104e-05,1.0
OG0000123,188,0.0,0.0,1.0,0.0,0.0,0.0,1.0,0,0,0.0,0.0,1.0,0.0,0.0,1.0
OG0000123,189,0.0,0.0,1.0,0.0,0.0,0.0,1.0,0,0,0.0,0.0,1.0,0.0,0.0,1.0
OG0000123,190,0.01442039255123243,0.007522121759024209,0.5036621093749992,21.44414871549611,0.4963378906250008,0.2715796492385714,0.5007917986775716,1,0,-7.362531678612298,-7.412189792285967,0.951554692430797,0.01561619964716692,8.466149081406272,1.0
OG0000123,191,49.11076305134574,24.02746577200928,0.5314732306739802,63.19560447008192,0.4685267693260198,0.002321306433017867,0.6547131923111278,0,0,-19.61957856176921,-19.63917611380657,0.9805932316540734,50.09650649514039,35.71368669658972,1.0
OG0000123,192,0.004079193995854352,0.003174122828024168,0.8300000000000001,0.07611025458945146,0.1699999999999999,-0.002942553585959296,0.6666666666666666,0,0,-3.907594731950124,-3.905927124037732,1.0,0.003772205292607947,0.0008778721062758343,1.0
OG0000123,193,0.003201265716053379,0.002490984885304036,0.8300000000000001,0.07611025458945146,0.1699999999999999,-0.001543282091107656,0.6666666666666666,0,0,-2.763442616087361,-2.762621103713443,1.0,0.002961904273958252,0.001215126389615383,1.0
OG0000123,194,0.02165296853746469,0.0004670602017835057,0.7781250000000001,0.07611025458945146,0.2218749999999999,-0.002671502230665368,0.6666666666666666,0,0,-2.970392710317121,-2.968854885195606,1.0,0.01990369693915641,0.0004138100774098402,1.0
OG0000123,195,5.843383494410516e-05,4.546882781588183e-05,0.8300000000000001,0.07611025458945146,0.1699999999999999,-0.002558621811926898,0.6666666666666666,0,0,-2.878564793908202,-2.877284085219881,1.0,5.4256056387131e-05,2.510819763927104e-05,1.0
OG0000123,196,5.843383494410516e-05,4.546882781588183e-05,0.8300000000000001,0.07611025458945146,0.1699999999999999,-0.002558621811926898,0.6666666666666666,0,0,-2.878564793908202,-2.877284085219881,1.0,5.4256056387131e-05,2.510819763927104e-05,1.0
OG0000123,197,19.17366225138881,13.49868952978031,0.6225585839725458,10.89306390566972,0.3774414160274542,0.0,0.6666666666666666,0,0,-10.95391673569426,-10.95273757086521,1.0,20.46443194444775,12.66839329762514,1.0
OG0000123,198,19.17366225138881,13.49868952978031,0.6225585839725458,10.89306390566972,0.3774414160274542,0.0,0.6666666666666666,0,0,-10.95391673569426,-10.95273757086521,1.0,20.46443194444775,12.66839329762514,1.0
OG0000123,199,0.02218348655300996,1.010916877569e-05,0.9093795790063581,371.8352804237738,0.09062042099364187,3.985266141485901,0.06375981040206657,1,0,-9.729104702754949,-11.68944992028682,0.1408098024724206,41.29618771915539,24.5534665044531,1.0
OG0000123,200,0.06973416092025715,0.0,0.01,49.28002516486769,0.99,1.460863226580578,0.2446615601416558,2,0,-11.98704076655591,-11.98478301464158,1.0,0.06973416092025715,49.28002516486759,1.0
OG0000123,201,26.56324814972339,0.02099467518230237,0.5008086366011136,38.62671344039592,0.4991913633988864,-0.004787948504176853,0.6666666666666666,1,0,-8.756416002961158,-8.740415748680965,1.0,45.63313311928099,18.54155940580225,1.0
OG0000123,202,0.0,0.0,1.0,0.0,0.0,0.0,1.0,0,0,0.0,0.0,1.0,0.0,0.0,1.0
OG0000123,203,0.0,0.0,1.0,0.0,0.0,0.0,1.0,0,0,0.0,0.0,1.0,0.0,0.0,1.0
OG0000123,204,0.0,0.0,1.0,0.0,0.0,0.0,1.0,0,0,0.0,0.0,1.0,0.0,0.0,1.0
OG0000123,205,0.0,0.0,1.0,0.0,0.0,0.0,1.0,0,0,0.0,0.0,1.0,0.0,0.0,1.0
OG0000123,206,0.0,0.0,1.0,0.0,0.0,0.0,1.0,0,0,0.0,0.0,1.0,0.0,0.0,1.0
OG0000123,207,0.0,0.0,1.0,0.0,0.0,0.0,1.0,0,0,0.0,0.0,1.0,0.0,0.0,1.0
OG0000123,208,0.9808892187156824,0.513364438076326,0.8882568241068742,333.2563929742367,0.1117431758931258,3.319679779546533,0.09026533783471447,1,0,-8.763697542425541,-10.67700903066625,0.1475908311181684,2.591794546292054,47.51816794543146,1.0
OG0000123,209,0.0,0.0,1.0,0.0,0.0,0.0,1.0,0,0,0.0,0.0,1.0,0.0,0.0,1.0
OG0000123,210,0.02135485362807424,5.33871340701856e-06,0.01,13.35596847574542,0.99,0.1653169524197011,0.5428696881626147,1,0,-6.437255421695017,-6.435226712845991,1.0,0.02135485362807425,13.35596847574542,1.0
OG0000123,211,0.03088340725707952,0.01441691648871075,0.6523148332008035,74.81692327506033,0.3476851667991965,2.165482190159903,0.1665196132613548,2,0,-14.4322132963475,-15.0060195024929,0.5633770235258708,0.0724367040091295,25.78927443462259,1.0
OG0000123,212,0.0,0.0,1.0,0.0,0.0,0.0,1.0,0,0,0.0,0.0,1.0,0.0,0.0,1.0
OG0000123,213,48.77597662478923,37.68629525125998,0.7981342478750675,64.77288576462132,0.2018657521249325,-0.01268229886844807,0.6666666666666666,0,0,-21.2370229560946,-21.22905887929499,1.0,45.82065666871455,42.84071649938566,1.0
OG0000123,214,0.02355487332285112,5.888718330712781e-06,0.01,11.51596387081107,0.99,0.04046798206908875,0.6114925953252263,1,0,-6.466745736157371,-6.463580925099414,1.0,0.02355487332285112,11.51596387081106,1.0
OG0000123,215,0.0,0.0,1.0,0.0,0.0,0.0,1.0,0,0,0.0,0.0,1.0,0.0,0.0,1.0
OG0000123,216,0.0,0.0,1.0,0.0,0.0,0.0,1.0,0,0,0.0,0.0,1.0,0.0,0.0,1.0
OG0000123,217,5.843383494410516e-05,4.546882781588183e-05,0.8300000000000001,0.07611025458945146,0.1699999999999999,-0.001503391572787116,0.6666666666666666,0,0,-2.878035420451454,-2.877282903833163,1.0,5.4256056387131e-05,2.510819763927104e-05,1.0
OG0000123,218,5.618594513266972e-05,4.371968855635863e-05,0.8300000000000001,0.07611025458945146,0.1699999999999999,-0.001221531731259162,0.6666666666666666,0,0,-5.80841069883113,-5.807799755107291,1.0,5.216944122248205e-05,2.587899280480616e-05,1.0
OG0000123,219,0.03920924057612162,0.01975980569554496,0.8311617070485122,146.3802483118733,0.1688382929514878,0.3711560417752793,0.4672745831698155,1,0,-8.682430599690951,-8.810390899602472,0.8798883100887778,0.04070915827367012,15.12956752683536,1.0
OG0000123,220,5.843383494410516e-05,4.546882781588183e-05,0.8300000000000001,0.07611025458945146,0.1699999999999999,-0.001568603275914349,0.6666666666666666,0,0,-2.627454096870633,-2.626668937525968,1.0,5.4256056387131e-05,2.510819763927104e-05,1.0
OG0000123,221,0.0,0.0,1.0,0.0,0.0,0.0,1.0,0,0,0.0,0.0,1.0,0.0,0.0,1.0
OG0000123,222,0.0,0.0,1.0,0.0,0.0,0.0,1.0,0,0,0.0,0.0,1.0,0.0,0.0,1.0
OG0000123,223,30.99417397988627,0.0003597082451682738,0.7453747942066868,51.72773277021721,0.2546252057933132,0.1028797654117675,0.5728025139031958,1,0,-14.18819330882143,-14.70988616699476,0.5935149603789363,34.2406634514963,16.56133685913804,1.0
OG0000123,224,88.39491146562136,5.952422656597943e-05,1.0,2.44272388852837,0.0,0.0,0.6666666666666666,0,0,-13.73391620811878,-13.73392105539971,0.9999951527308192,88.7492310763268,5.41235629885831e-05,1.0
OG0000123,225,0.0,0.0,1.0,0.0,0.0,0.0,1.0,0,0,0.0,0.0,1.0,0.0,0.0,1.0
OG0000123,226,0.02256593989684326,0.01141786650479925,0.8120646133593751,93.68538537143878,0.1879353866406249,0.3073658954076954,0.488223078169131,1,0,-8.893794497292747,-8.995136516093552,0.9036239236525362,0.02195786884392941,11.95145354098213,1.0
OG0000123,227,0.0,0.0,1.0,0.0,0.0,0.0,1.0,0,0,0.0,0.0,1.0,0.0,0.0,1.0
OG0000123,228,0.0,0.0,1.0,0.0,0.0,0.0,1.0,0,0,0.0,0.0,1.0,0.0,0.0,1.0
OG0000123,229,0.0667441014912592,5.128707154804911e-06,0.2480696678161619,32.60038433011931,0.7519303321838382,0.293680183434752,0.4929532797138006,1,0,-9.56573316302876,-9.612333734429038,0.9544685635004523,0.06904953972638285,26.79979313847109,1.0
OG0000123,230,1.59044547153922,0.8131694807317383,0.8726117041645411,312.1406542413724,0.1273882958354589,0.208542732639426,0.5247332152771423,1,0,-8.637689895636322,-10.19571129907956,0.210552257263083,2.664357298327711,55.52657723512517,1.0
OG0000123,231,0.0653529610257697,0.03269942405992338,0.5246708860047653,45.87119885569187,0.4753291139952347,0.8475587269591021,0.3471815363437168,1,0,-7.902210145501834,-8.083867369118119,0.8338871282378906,0.07045887855068642,27.25056696288878,1.0
